raceId,Year,Race,Date,Finishers,City,State,Country,Continent,Type,Include,AgeBand,Net,Adjustment
1203,2025,NYC Marathon,2025-11-02,59129,New York City,NY,,,,True,1,0,0
1024,2025,London Marathon,2025-04-27,56479,London,UK,,,,True,5,0,0
783,2024,NYC Marathon,2024-11-03,55525,New York City,NY,,,,True,1,0,0
1103,2025,Paris Marathon,2025-04-13,55500,Paris,,,,,False,1,0,0
1173,2025,Chicago Marathon,2025-10-12,54187,Chicago,IL,,,,True,5,0,0
780,2024,Berlin Marathon,2024-09-29,54062,Berlin,,,,,True,1,0,0
1095,2024,Paris Marathon,2024-04-07,53899,Paris,,,,,False,1,0,0
23,2024,London Marathon,2024-04-21,53877,London,LON,,,,True,5,0,0
784,2024,Chicago Marathon,2024-10-13,52022,Chicago,IL,,,,True,5,0,0
2,2023,NYC Marathon,2023-11-05,51348,New York,NY,,,,True,1,0,0
22,2023,London Marathon,2023-04-23,48780,London,LON,,,,True,5,0,0
31,2023,Chicago Marathon,2023-10-08,48390,Chicago,IL,,,,True,5,0,0
1136,2025,Berlin Marathon,2025-09-21,48022,Berlin,,,,,True,1,0,0
1,2022,NYC Marathon,2022-11-06,47738,New York,NY,,,,True,1,0,0
761,2023,Berlin Marathon,2023-09-24,43045,Berlin,DEU,,,,True,1,0,0
21,2022,London Marathon,2022-10-02,40620,London,LON,,,,True,5,0,0
30,2022,Chicago Marathon,2022-10-09,39335,Chicago,IL,,,,True,5,0,0
1104,2025,Tokyo Marathon,2025-03-02,36125,,,,,,False,1,0,0
762,2022,Berlin Marathon,2022-09-25,34745,Berliin,DEU,,,,True,1,0,0
1118,2025,Sydney Marathon,2025-08-31,32861,Sydney,NSW,AUS,,,True,5,0,0
1195,2025,Marine Corps Marathon,2025-10-26,30127,Washington,DC,,,,True,5,0,0
1017,2025,Boston Marathon,2025-04-21,28384,BA,MA,,,,True,1,0,0
1101,2024,Valencia Marathon,2024-12-01,28189,Valencia,,,,,False,1,0,0
47,2023,Boston Marathon,2023-04-17,26621,Boston,MA,,,,True,1,0,0
1087,2023,Valencia Marathon,2023-12-03,25908,Valencia,,,,,False,1,0,0
48,2024,Boston Marathon,2024-04-15,25550,Boston,MA,,,,True,1,0,0
1094,2024,Manchester Marathon,2024-04-14,21847,Manchester,,,,,False,5,0,0
994,2025,LA Marathon,2025-03-16,21230,Los Angeles,CA,,,,True,1,0,0
77,2024,LA Marathon,2024-03-17,20475,Los Angeles,CA,,,,True,1,0,0
954,2024,Sydney Marathon,2024-09-14,20284,Sydney,NSW,AUS,,,True,5,0,0
75,2023,Mexico City Marathon,2023-08-27,20138,Mexico City,MÉX,,,,False,1,0,0
927,2024,Honolulu Marathon,2024-12-08,18984,Honolulu,HI,,,,True,5,0,0
35,2024,Marathon Pour Tous,2024-08-10,17319,Paris,PAR,,,,False,1,0,0
1098,2024,Rotterdam Marathon,2024-04-13,17091,Rotterdam,,,,,False,5,0,0
1086,2023,Athens Classic Marathon,2023-11-11,17073,Athens,,,,,False,1,0,0
1100,2024,Stockholm Marathon,2024-06-01,17047,Stockholm,,,,,False,1,0,0
76,2023,LA Marathon,2023-03-19,16998,Los Angeles,CA,,,,True,1,0,0
7,2023,Rotterdam Marathon,2023-04-15,16844,Rotterdam,ROT,,,,False,1,0,0
11,2023,Dublin Marathon,2023-10-29,16495,Dublin,DUB,,,,False,1,0,0
789,2024,Marine Corps Marathon,2024-10-27,16168,Washington,DC,,,,True,5,0,0
1088,2024,Barcelona Marathon,2024-03-10,16128,Barcelona,,,,,False,1,0,0
34,2023,Amsterdam Marathon,2023-10-15,16070,Amsterdam,NOO,,,,False,1,0,0
62,2023,Honolulu Marathon,2023-12-10,14940,Honolulu,HI,,,,True,5,0,0
109,2023,Comrades Marathon,2023-06-11,14904,Durban,KWA,,,,False,1,0,0
10,2022,Dublin Marathon,2022-10-30,14847,Dublin,DUB,,,,False,1,0,0
1090,2024,Copenhagen Marathon,2024-05-05,14585,Copenhagen,,,,,False,5,0,0
61,2022,Honolulu Marathon,2022-12-11,14276,Honolulu,HI,,,,True,5,0,0
4,2023,Marine Corps Marathon,2023-10-29,13724,Washington,DC,,,,True,5,0,0
18,2023,Cape Town Marathon,2023-10-14,13326,Cape Town,CAP,,,,False,1,0,0
46,2023,Sydney Running Festival,2023-09-17,13294,Sydney,NSW,,,,False,1,0,0
953,2023,Sydney Marathon,2023-09-16,13293,Sydney,NSW,AUS,,,True,5,0,0
52,2023,Moscow Marathon,2023-09-17,12783,Moscow,0,,,,False,1,0,0
90,2023,Stockholm Marathon,2023-06-03,12716,Stockholm,STO,,,,False,1,0,0
25,2024,Disney World Marathon,2024-01-07,12710,Orlando,FL,,,,True,1,0,0
24,2023,Disney World Marathon,2023-01-08,12693,Orlando,FL,,,,True,1,0,0
33,2022,Amsterdam Marathon,2022-10-16,12669,Amsterdam,NOO,,,,False,1,0,0
1221,2025,Philadelphia Marathon,2025-11-23,12598,Philadelphia,PA,,,,True,1,0,0
32,2022,Athens Marathon,2022-11-12,12533,City Of Marathonas,ATH,,,,False,1,0,0
946,2025,Disney World Marathon,2025-01-12,12486,Orlando,FL,,,,True,1,0,0
782,2024,Philadelphia Marathon,2024-11-24,12381,Philadelphia,PA,,,,True,1,0,0
51,2022,Moscow Marathon,2022-09-18,11557,Moscow,0,,,,False,1,0,0
71,2023,Philadelphia Marathon,2023-11-18,11438,Philadelphia,PA,,,,True,1,0,0
1089,2024,Brighton Marathon,2024-04-07,11292,Brighton,,,,,False,1,0,0
1092,2024,Hamburg Marathon,2024-04-27,11264,Hamburg,,,,,False,1,0,0
3,2022,Marine Corps Marathon,2022-10-30,11257,Washington,DC,,,,True,5,0,0
125,2023,Zurich Marato Barcelona,2023-03-18,10853,Barcelona,BAR,,,,False,1,0,0
124,2023,Copenhagen Marathon,2023-05-14,10164,"Copenhagen, Denmark",COP,,,,False,1,0,0
117,2023,Mainova Frankfurt Marathon,2023-10-29,9678,Frankfurt,HES,,,,False,1,0,0
153,2023,Maraton de Buenos Aires,2023-09-24,9510,Buenos Aires,BUE,,,,False,1,0,0
150,2024,Zurich Maraton Sevilla,2024-02-18,9407,Sevilla,SEV,,,,False,1,0,0
1099,2024,Seville Marathon,2024-02-18,9407,Seville,,,,,False,5,0,0
17,2022,Cape Town Marathon,2022-10-15,9187,Cape Town,CAP,,,,False,1,0,0
170,2023,California International Marathon,2023-12-03,9183,Sacramento,CA,,,,True,1,0,0
38,2024,RnR Madrid Marathon,2024-04-28,9129,Madrid,MAD,,,,False,1,0,0
1093,2024,Madrid Marathon,2024-04-28,9129,Madrid,,,,,False,1,0,0
1091,2024,Gold Coast Marathon,2024-07-06,8665,Gold Coast,,,,,False,1,0,0
14,2023,Haspa Marathon Hamburg,2023-04-23,8635,Hamburg,HAM,,,,False,1,0,0
121,2023,Brighton Marathon,2023-04-02,8436,Brighton,SUS,,,,False,1,0,0
70,2022,Philadelphia Marathon,2022-11-19,8425,Philadelphia,PA,,,,True,1,0,0
165,2023,Rob Burrow Leeds Marathon,2023-05-14,8384,Leeds,WYOR,,,,False,1,0,0
933,2024,California International Marathon,2024-12-08,8373,Sacramento,CA,,,,True,1,0,0
1226,2025,California International Marathon,2025-12-07,8176,Sacramento,CA,,,,True,1,0,0
54,2023,Taipei Marathon,2023-12-17,8117,Taipei,TAI,,,,False,1,0,0
95,2024,Itabashi City Marathon,2024-03-17,8007,Itabashi,TOK,,,,False,1,0,0
169,2022,California International Marathon,2022-12-04,7986,Sacramento,CA,,,,True,1,0,0
44,2023,Melbourne Marathon,2023-10-15,7946,Melbourne,VI,,,,False,1,0,0
116,2022,Mainova Frankfurt Marathon,2022-10-30,7942,Frankfurt,HES,,,,False,1,0,0
53,2022,Taipei Marathon,2022-12-18,7852,Taipei,TAI,,,,False,1,0,0
152,2022,Maraton de Buenos Aires,2022-09-18,7573,Buenos Aires,BUE,,,,False,1,0,0
949,2025,Houston Marathon,2025-01-19,7563,Hoston,TX,,,,True,1,0,0
89,2024,Grandma's Marathon,2024-06-21,7548,Duluth,MN,,,,True,1,0,0
1083,2025,Grandma's Marathon,2025-06-21,7542,Duluth,MN,,,,True,1,0,0
50,2024,Vienna City Marathon,2024-04-21,7482,Vienna,VIE,,,,False,1,0,0
106,2024,Maratona Di Roma,2024-03-17,7477,Rome,ROM,,,,False,1,0,0
1097,2024,Rome Marathon,2024-03-17,7477,Rome,,,,,False,1,0,0
37,2023,RnR Madrid Marathon,2023-04-23,7405,Madrid,MAD,,,,False,1,0,0
1190,2025,Toronto Waterfront Marathon,2025-10-19,7298,Toronto,ON,,,,True,1,0,0
183,2022,Marathon du Medoc,2022-09-10,7275,Medoc,COT,,,,False,1,0,0
6,2024,Houston Marathon,2024-01-14,7180,Houston,TX,,,,True,1,0,0
63,2023,Edinburgh Marathon,2023-05-27,7131,Edinburgh,EAS,,,,False,1,0,0
1165,2025,Twin Cities Marathon,2025-10-05,7011,Minneapolis,MN,,,,True,1,0,0
222,2023,Firenze Marathon,2023-11-26,6880,Florence,0,,,,False,1,0,0
1046,2025,Vancouver Marathon,2025-05-04,6879,Vancouver,BC,,,,True,5,0,0
791,2024,Twin Cities Marathon,2024-10-03,6797,Minneapolis,MN,,,,True,1,0,0
40,2023,Signapore Marathon,2023-12-02,6720,Singapore,SIN,,,,False,1,0,0
88,2023,Grandma's Marathon,2023-06-17,6690,Duluth,MN,,,,True,1,0,0
1208,2025,Indianapolis Monumental Marathon,2025-11-08,6675,Indianapolis,IN,,,,True,1,0,0
49,2023,Vienna City Marathon,2023-04-23,6650,Vienna,VIE,,,,False,1,0,0
1110,2025,San Francisco Marathon,2025-07-27,6614,San Francisco,CA,,,,True,1,0,0
128,2022,Twin Cities Marathon,2022-10-01,6504,Minneapolis,MN,,,,True,1,0,0
790,2024,Toronto Waterfront Marathon,2024-10-19,6269,Toronto,ON,,,,True,5,0,0
221,2022,Firenze Marathon,2022-11-27,6257,Florence,0,,,,False,1,0,0
43,2022,Melbourne Marathon,2022-10-02,6216,Melbourne,VI,,,,False,1,0,0
5,2023,Houston Marathon,2023-01-15,6103,Houston,TX,,,,True,1,0,0
85,2024,Vancouver Marathon,2024-05-05,6068,Vancouver,BC,,,,True,5,0,0
1096,2024,Prague Marathon,2024-05-05,6043,Prague,,,,,False,5,0,0
74,2023,Gold Coast Marathon,2023-07-01,5957,Gold Coast,QLD,,,,False,1,0,0
1072,2025,RnR San Diego,2025-06-01,5937,San Diego,CA,,,,True,1,0,0
39,2022,Signapore Marathon,2022-12-03,5773,Singapore,SIN,,,,False,1,0,0
81,2024,San Francisco Marathon,2024-07-27,5772,San Francisco,CA,,,,True,1,0,0
971,2025,Austin Marathon,2025-02-16,5760,Austin,TX,,,,True,1,0,0
795,2024,Indianapolis Monumental Marathon,2024-11-09,5672,Indianapolis,IN,,,,True,1,0,0
102,2024,White Nights Marathon,2024-06-29,5600,St. Petersburg,LEN,,,,False,1,0,0
155,2024,Milano City Marathon,2024-04-07,5529,Milan,MIL,,,,False,1,0,0
67,2024,RnR San Diego,2024-06-01,5476,San Diego,CA,,,,True,5,0,0
218,2023,Prague Marathon,2023-05-07,5468,Prague,PRA,,,,False,1,0,0
798,2024,Richmond Marathon,2024-11-16,5029,Richmond,VA,,,,True,5,0,0
80,2023,San Francisco Marathon,2023-07-22,4981,San Francisco,CA,,,,True,1,0,0
84,2023,Vancouver Marathon,2023-05-07,4957,Vancouver,BC,,,,True,5,0,0
1217,2025,Richmond Marathon,2025-11-15,4939,Richmond,VA,,,,True,1,0,0
163,2023,Mount Fuji Marathon,2023-11-26,4852,Fujikawachiko,YAM,,,,False,1,0,0
60,2024,Ottawa Marathon,2024-05-26,4776,Ottawa,ON,,,,True,1,0,0
1149,2025,Long Beach Marathon,2025-10-05,4728,Long Beach,CA,,,,True,1,0,0
1037,2025,Flying Pig Marathon,2025-05-04,4699,Cincinnati,OH,,,,True,1,0,0
254,2022,Maraton Powerade Monterrey,2022-12-11,4639,Monterrey,EST,,,,False,1,0,0
154,2023,Milano City Marathon,2023-04-02,4635,Milan,MIL,,,,False,1,0,0
131,2022,Indianapolis Monumental Marathon,2022-11-05,4615,Indianapolis,IN,,,,True,1,0,0
87,2023,Toronto Waterfront Marathon,2023-10-15,4556,Toronto,ON,,,,True,5,0,0
41,2023,Flying Pig Marathon,2023-05-05,4498,Cincinnati,OH,,,,True,1,0,0
166,2024,Rob Burrow Leeds Marathon,2024-05-12,4473,Leeds,WYOR,,,,False,1,0,0
233,2022,Marathon de Alpes,2022-10-30,4443,Nice,ALP,,,,False,1,0,0
66,2023,RnR San Diego,2023-06-03,4440,San Diego,CA,,,,True,5,0,0
138,2023,Venice Marathon,2023-10-22,4409,Venice,VEN,,,,False,1,0,0
1154,2025,Montreal Marathon,2025-09-21,4409,Montreal,QC,,,,True,5,0,0
1162,2025,St. George Marathon,2025-10-04,4382,St. George,UT,,,,True,1,816,300
320,2024,Belfast City Marathon,2024-05-05,4378,Northern Ireland,BEL,,,,False,1,0,0
1218,2024,Every Woman's Marathon,2024-11-16,4315,Savannah,GA,,,,True,1,0,0
137,2022,Venice Marathon,2022-10-23,4300,Venice,VEN,,,,False,1,0,0
132,2023,Indianapolis Monumental Marathon,2023-10-28,4214,Indianapolis,IN,,,,True,1,0,0
1174,2025,Columbus Marathon,2025-10-19,4124,Columbus,OH,,,,True,1,0,0
171,2023,Maratona Internacional de Porto Alegre,2023-06-03,4087,Porto Alegre,RIO,,,,False,1,0,0
104,2023,Richmond Marathon,2023-11-11,4084,Richmond,VA,,,,True,5,0,0
42,2024,Flying Pig Marathon,2024-05-03,4076,Cincinnati,OH,,,,True,1,0,0
151,2023,Kosice peace Marathon,2023-09-30,4038,Košice,VYC,,,,False,1,0,0
140,2024,Austin Marathon,2024-02-18,4002,Austin,TX,,,,True,1,0,0
56,2024,Maraton de Santiago,2024-04-28,3912,Santiago,SAN,,,,False,1,0,0
253,2023,St. George Marathon,2023-10-06,3905,Saint George,UT,,,,True,1,0,0
807,2024,St. George Marathon,2024-10-05,3894,Saint George,UT,,,,True,1,816,300
1219,2025,Every Woman's Marathon,2025-11-16,3851,Scottsdale,AZ,,,,True,1,0,0
1042,2025,Pittsburgh Marathon,2025-05-04,3784,Pittsburgh,PA,,,,True,1,0,0
1019,2025,Eugene Marathon,2025-04-27,3772,Eugene,OR,,,,True,1,0,0
787,2024,Run in Lyon Marathon,2024-10-06,3743,Lyon,RHO,,,,False,1,0,0
1131,2024,Montreal Marathon,2024-09-22,3735,Montreal,QC,,,,True,5,0,0
781,2024,Detroit Free Press Marathon,2024-10-19,3713,Detroit,MI,,,,True,1,0,0
79,2024,Pittsburgh Marathon,2024-05-04,3650,Pittsburgh,PA,,,,True,1,0,0
204,2023,Big Sur International Marathon,2023-04-30,3635,Carmel,CA,,,,True,1,0,0
794,2024,Columbus Marathon,2024-10-19,3585,Columbus,OH,,,,True,1,0,0
1175,2025,Detroit Free Press Marathon,2025-10-19,3568,Detroit,MI,,,,True,1,0,0
101,2023,White Nights Marathon,2023-06-11,3520,St. Petersburg,LEN,,,,False,1,0,0
268,2023,Baxters Loch Ness Marathon,2023-09-30,3504,Inverness,HIG,,,,False,1,0,0
252,2022,St. George Marathon,2022-10-01,3481,Saint George,UT,,,,True,1,0,0
86,2022,Toronto Waterfront Marathon,2022-10-16,3473,Toronto,ON,,,,True,5,0,0
144,2023,Istanbul Marathon,2023-11-05,3466,Istanbul,IST,,,,False,1,0,0
792,2024,Long Beach Marathon,2024-10-05,3463,Long Beach,CA,,,,True,1,0,0
45,2022,Sydney Running Festival,2022-09-18,3452,Sydney,NSW,,,,False,1,0,0
205,2024,Big Sur International Marathon,2024-04-28,3433,Carmel,CA,,,,True,1,0,0
926,2024,Dallas Marathon,2024-12-15,3419,Dallas,TX,,,,True,1,0,0
97,2023,Dallas Marathon,2023-12-08,3382,Dallas,TX,,,,True,1,0,0
103,2022,Richmond Marathon,2022-11-12,3381,Richmond,VA,,,,True,5,0,0
319,2023,Belfast City Marathon,2023-04-30,3345,Northern Ireland,BEL,,,,False,1,0,0
1231,2025,San Antonio Marathon,2025-12-07,3341,San Antonio,TX,,,,True,1,0,0
1018,2025,Big Sur International Marathon,2025-04-27,3318,Carmel,CA,,,,True,1,0,0
1067,2025,Ottawa Marathon,2025-05-25,3267,Ottawa,ON,,,,True,5,0,0
1177,2025,Royal Victoria Marathon,2025-10-12,3220,Victoria,BC,,,,True,5,0,0
225,2024,Johnson Crane Hire Marathon,2024-01-28,3201,Senderwood,WES,,,,False,1,0,0
966,2025,Mesa Marathon,2025-02-08,3199,Mesa,AZ,,,,True,1,0,0
55,2023,Maraton de Santiago,2023-05-14,3188,Santiago,SAN,,,,False,1,0,0
139,2023,Austin Marathon,2023-02-19,3180,Austin,TX,,,,True,1,0,0
356,2023,Jungfrau Marathon,2023-09-08,3132,Interlaken,JUR,,,,False,1,0,0
324,2023,Maratona do Porto,2023-11-05,3092,Porto,POR,,,,False,1,0,0
119,2023,Detroit Free Press Marathon,2023-10-14,3079,Detroit,MI,,,,True,1,0,0
1041,2025,OC Marathon,2025-05-04,3079,Newport Beach,CA,,,,True,1,0,0
19,2024,MARATON DE LIMA - LIMA 42K,2024-05-19,3062,Lima,LIM,,,,False,1,0,0
78,2023,Pittsburgh Marathon,2023-05-06,3059,Pittsburgh,PA,,,,True,1,0,0
355,2022,Jungfrau Marathon,2022-09-10,3047,Interlaken,JUR,,,,False,1,0,0
1010,2025,Jersey City Marathon,2025-04-13,3021,Jersey City,NJ,,,,True,1,0,0
143,2023,Columbus Marathon,2023-10-15,3017,Columbus,OH,,,,True,1,0,0
1158,2025,Portland Marathon,2025-10-05,3008,Portland,OR,,,,True,1,0,0
1045,2025,Toronto Marathon,2025-05-04,3007,Toronto,ON,,,,True,1,0,0
281,2024,Eugene Marathon,2024-04-27,3002,Eugene,OR,,,,True,1,0,0
108,2024,Toronto Marathon,2024-05-05,2974,Toronto,ON,,,,True,1,0,0
962,2025,Miami Marathon,2025-02-02,2948,Miami,FL,,,,True,1,0,0
130,2024,OC Marathon,2024-05-05,2916,Newport Beach,CA,,,,True,1,0,0
386,2023,Tokyo Marathon,2023-02-18,2838,Tokyo,TOK,,,,False,1,0,0
58,2023,Run in Lyon Marathon,2023-10-22,2822,Lyon,RHO,,,,False,1,0,0
162,2024,RnR Nashville,2024-04-24,2803,Nashville,TN,,,,True,1,0,0
156,2023,Zurich Marathon,2023-04-23,2800,Zurich,ZUR,,,,False,1,0,0
323,2022,Maratona do Porto,2022-11-06,2770,Porto,POR,,,,False,1,0,0
160,2023,MiWay Wally Hayward Marathon,2023-05-01,2765,Pretoria,GAU,,,,False,1,0,0
217,2024,Harmony Geneva Marathon,2024-05-04,2744,Geneva,GEN,,,,False,1,0,0
1027,2025,RnR Nashville,2025-04-27,2709,Nashville,TN,,,,True,1,0,0
961,2024,Miami Marathon,2024-01-28,2687,Miami,FL,,,,True,1,0,0
9,2023,RnR Montreal Marathon,2023-09-23,2682,Montreal,QC,,,,False,1,0,0
207,2024,Mesa Marathon,2024-02-10,2674,Mesa,AZ,,,,True,1,0,0
1213,2025,Charlotte's Thunder Road Marathon,2025-11-15,2640,Charlotte,NC,,,,True,1,0,0
785,2024,Portland Marathon,2024-10-06,2563,Portland,OR,,,,True,1,0,0
267,2022,Baxters Loch Ness Marathon,2022-10-02,2558,Inverness,HIG,,,,False,1,0,0
270,2024,Peninsula Marathon,2024-02-18,2551,"Main Road, Green Point",WES,,,,False,1,0,0
127,2023,Long Beach Marathon,2023-10-14,2511,Long Beach,CA,,,,True,1,0,0
1026,2025,Oklahoma City Marathon,2025-04-27,2499,Oklahoma City,OK,,,,True,1,0,0
1224,2025,Seattle Marathon,2025-11-30,2470,Seattle,WA,,,,True,1,0,0
96,2022,Dallas Marathon,2022-12-09,2465,Dallas,TX,,,,True,1,0,0
107,2023,Toronto Marathon,2023-05-07,2432,Toronto,ON,,,,True,1,0,0
59,2023,Ottawa Marathon,2023-05-27,2413,Ottawa,ON,,,,True,1,0,0
142,2022,Columbus Marathon,2022-10-16,2396,Columbus,OH,,,,True,1,0,0
1001,2025,REVEL Mt. Charleston,2025-04-05,2394,Las Vegas,NV,,,,True,1,1554,600
238,2023,Maybank Bali Marathon,2023-08-26,2354,Gianyar,BAL,,,,False,1,0,0
161,2023,RnR Nashville,2023-04-22,2330,Nashville,TN,,,,True,1,0,0
312,2024,Jersey City Marathon,2024-04-14,2320,Jersey City,NJ,,,,True,1,0,0
12,2022,Portland Marathon,2022-10-02,2315,Portland,OR,,,,True,1,0,0
396,2023,AbbottWMM Wanda Age Group World Championship,2023-10-08,2306,London City,LON,,,,False,1,0,0
118,2022,Detroit Free Press Marathon,2022-10-15,2303,Detroit,MI,,,,True,1,0,0
13,2023,Portland Marathon,2023-10-01,2258,Portland,OR,,,,True,1,0,0
929,2024,RnR San Antonio,2024-12-07,2245,San Antonio,TX,,,,True,5,0,0
1057,2025,Colfax Marathon,2025-05-18,2238,Denver,CO,,,,True,1,0,0
123,2024,Colfax Marathon,2024-05-17,2227,Denver,CO,,,,True,1,0,0
802,2024,Royal Victoria Marathon,2024-10-12,2220,"Victoria, B.C",BC,,,,True,5,0,0
1160,2025,Quebec City Marathon,2025-10-05,2167,Quebec,QC,,,,True,5,0,0
216,2024,Canberra Times Marathon Festival,2024-04-07,2160,Canberra,ACT,,,,False,1,0,0
918,2024,Las Vegas Marathon,2024-11-03,2138,Las Vegas,NV,,,,True,1,611,300
129,2023,OC Marathon,2023-05-07,2107,Newport Beach,CA,,,,True,1,0,0
939,2024,Torino City Marathon,2024-12-01,2093,Torino,TOR,,,,False,1,0,0
280,2023,Eugene Marathon,2023-04-29,2087,Eugene,OR,,,,True,1,0,0
28,2023,Hong Kong Marathon,2023-02-12,2075,Kowloon,HON,,,,False,1,0,0
99,2024,Shamrock Marathon,2024-03-16,2054,Virginia Beach,VA,,,,True,1,0,0
269,2023,Peninsula Marathon,2023-02-19,2054,"Main Road, Green Point",WES,,,,False,1,0,0
801,2024,Charlotte's Thunder Road Marathon,2024-11-16,2051,Charlotte,NC,,,,True,1,0,0
810,2024,Marathon du P'tit Train du Nord,2024-10-05,2041,Saint-jérôme,QC,,,,True,5,0,0
1151,2025,Marathon du P'tit Train du Nord,2025-10-05,2036,Saint-jerome,QC,,,,True,5,0,0
942,2024,Seattle Marathon,2024-12-01,2017,Seattle,WA,,,,True,1,0,0
387,2024,Tokyo Marathon,2024-02-17,2007,Tokyo,TOK,,,,False,1,0,0
1137,2025,Boulderthon,2025-09-28,1998,Boulder,CO,,,,True,1,0,0
29,2024,Hong Kong Marathon,2024-01-21,1991,Kowloon,HON,,,,False,1,0,0
1227,2025,Memphis Marathon,2025-12-06,1973,Memphis,TN,,,,True,1,0,0
1167,2025,Wineglass Marathon Weekend,2025-10-05,1971,Corning,NY,,,,True,1,0,0
126,2022,Long Beach Marathon,2022-10-09,1969,Long Beach,CA,,,,True,1,0,0
1168,2025,Baltimore Marathon,2025-10-18,1962,Baltimore,MD,,,,True,1,0,0
992,2025,Shamrock Marathon,2025-03-15,1960,Virginia Beach,VA,,,,True,1,0,0
311,2023,Jersey City Marathon,2023-04-23,1945,Jersey City,NJ,,,,True,1,0,0
113,2023,RnR San Antonio,2023-12-02,1943,San Antonio,TX,,,,True,5,0,0
980,2025,Atlanta Marathon,2025-03-02,1939,Atlanta,GA,,,,False,1,0,0
206,2023,Mesa Marathon,2023-02-04,1924,Mesa,AZ,,,,True,1,0,0
94,2023,Memphis Marathon,2023-12-02,1921,Memphis,TN,,,,True,1,0,0
1179,2025,Hartford Marathon,2025-10-11,1916,Hartford,CT,,,,True,1,0,0
1209,2025,Madison Marathon,2025-11-09,1911,Madison,WI,,,,True,1,0,0
57,2022,Run in Lyon Marathon,2022-10-01,1910,Lyon,RHO,,,,False,1,0,0
115,2024,Oklahoma City Marathon,2024-04-27,1910,Oklahoma City,OK,,,,True,1,0,0
1193,2025,Des Moines Marathon,2025-10-19,1889,Des Moines,IA,,,,True,1,0,0
803,2024,Madison Marathon,2024-11-10,1846,Madison,WI,,,,True,1,0,0
924,2024,Memphis Marathon,2024-12-07,1846,Memphis,TN,,,,True,1,0,0
120,2023,Air New Zealand Queenstown International Marathon,2023-11-18,1841,Queenstown,OTA,,,,False,1,0,0
367,2023,REVEL Big Bear,2023-11-18,1837,San Bernardino,CA,,,,True,1,0,0
341,2023,Marathon du P'tit Train du Nord,2023-09-30,1828,Saint-jerome,QC,,,,True,5,0,0
1132,2024,Quebec City Marathon,2024-10-06,1819,Quebec,QB,,,,True,5,0,0
164,2022,Oslo Maraton,2022-09-17,1816,Oslo,OSL,,,,False,1,0,0
809,2024,Wineglass Marathon Weekend,2024-10-05,1816,Corning,NY,,,,True,1,0,0
83,2024,Rimi Riga Marathon,2024-05-18,1815,Riga,RIG,,,,False,1,0,0
114,2023,Oklahoma City Marathon,2023-04-29,1801,Oklahoma City,OK,,,,True,1,0,0
8,2022,RnR Montreal Marathon,2022-09-23,1791,Montreal,QC,,,,False,1,0,0
93,2022,Memphis Marathon,2022-12-03,1767,Memphis,TN,,,,True,1,0,0
365,2023,Seattle Marathon,2023-11-26,1763,Seattle,WA,,,,True,1,0,0
975,2025,Cowtown Marathon,2025-02-23,1757,Cowtown,TX,,,,True,1,0,0
1011,2025,Mountains 2 Beach Marathon,2025-04-13,1755,Ventura,CA,,,,True,1,0,0
340,2022,Marathon du P'tit Train du Nord,2022-10-01,1750,Saint-jerome,QC,,,,True,5,0,0
358,2024,Milton Keynes Marathon - (MK Marathon Weekend),2024-05-05,1731,Milton Keynes,BED,,,,False,1,0,0
308,2024,Balwin Sport Dolphin Coast Marathon,2024-03-17,1726,Bedfordview,GAU,,,,False,1,0,0
98,2023,Shamrock Marathon,2023-03-17,1725,Virginia Beach,VA,,,,True,1,0,0
375,2023,ABP Newport Wales,2023-04-16,1712,Newport,WAL,,,,False,1,0,0
1056,2025,Cleveland Marathon,2025-05-18,1711,Cleveland,OH,,,,True,1,0,0
192,2023,ADNOC Abu Dhabi Marathon,2023-12-16,1705,Abu Dahbi,ABU,,,,False,1,0,0
361,2024,REVEL Mt. Charleston,2024-04-06,1704,Las Vegas,NV,,,,True,1,0,0
1194,2025,Las Vegas Marathon,2025-10-26,1701,Las Vegas,NV,,,,True,1,1585,600
146,2023,Tallinna Maraton,2023-09-09,1700,Tallinn,LÄÄ,,,,False,1,0,0
325,2023,Providence Marathon,2023-05-07,1699,Providence,RI,,,,True,1,0,0
1028,2025,Salt Lake City Marathon,2025-04-26,1693,Salt Lake City,UT,,,,True,1,0,0
352,2024,Mountains 2 Beach Marathon,2024-04-27,1689,Ventura,CA,,,,True,1,0,0
800,2024,Hartford Marathon,2024-10-19,1686,Hartford,CT,,,,True,1,0,0
337,2024,REVEL White Mountains,2024-05-05,1683,Conway,NH,,,,True,1,0,0
431,2023,Marathon Zeeland,2023-10-07,1655,Burgh Haamstede,ZEE,,,,False,1,0,0
292,2023,Wineglass Marathon Weekend,2023-09-30,1647,Corning,NY,,,,True,1,0,0
797,2024,Baltimore Marathon,2024-10-19,1632,Baltimore,MD,,,,True,1,0,0
122,2023,Colfax Marathon,2023-05-20,1629,Denver,CO,,,,True,1,0,0
262,2023,Madison Marathon,2023-11-12,1628,Madison,WI,,,,True,1,0,0
1063,2025,Bayshore Marathon,2025-05-24,1618,Traverse City,MI,,,,True,1,0,0
180,2024,Great Ocean Road Running Festival,2024-05-18,1614,Lorne,VI,,,,False,1,0,0
112,2022,RnR San Antonio,2022-12-03,1605,San Antonio,TX,,,,True,5,0,0
366,2022,REVEL Big Bear,2022-11-12,1602,San Bernardino,CA,,,,True,1,0,0
1152,2025,Milwaukee Lakefront Marathon,2025-10-05,1592,Milwaukee,WI,,,,True,1,0,0
203,2024,Cleveland Marathon,2024-05-18,1591,Cleveland,OH,,,,True,1,0,0
827,2024,Milwaukee Lakefront Marathon,2024-10-05,1587,milwaukee ,WI,,,,True,1,0,0
16,2024,Atlanta Marathon,2024-02-24,1582,Atlanta,GA,,,,True,1,0,0
347,2023,REVEL Big Cottonwood,2023-09-09,1571,Salt Lake City,UT,,,,True,1,0,0
964,2025,Surf City Marathon,2025-02-02,1566,Huntington Beach,CA,,,,True,1,0,0
182,2024,Calgary Marathon,2024-05-26,1556,Calgary,AB,,,,False,1,0,0
196,2024,Enschede Marathon,2024-04-21,1556,Enschede,OVE,,,,False,1,0,0
111,2024,Surf City Marathon,2024-02-03,1544,Huntington Beach,CA,,,,True,1,0,0
1180,2025,Kansas City Marathon,2025-10-18,1544,Kansas City,MO,,,,True,1,0,0
147,2022,Baltimore Marathon,2022-10-15,1536,Baltimore,MD,,,,True,1,0,0
360,2023,REVEL Mt. Charleston,2023-04-01,1517,Las Vegas,NV,,,,True,1,0,0
1068,2025,Vermont City Marathon,2025-05-25,1510,Burlington,VT,,,,True,1,0,0
148,2023,Baltimore Marathon,2023-10-14,1503,Baltimore,MD,,,,True,1,0,0
201,2023,Hartford Marathon,2023-10-14,1495,Hartford,CT,,,,True,1,0,0
244,2023,Charlotte's Thunder Road Marathon,2023-11-04,1486,Charlotte,NC,,,,True,1,0,0
168,2024,Fargo Marathon,2024-05-28,1481,Fargo,ND,,,,True,1,0,0
984,2025,Napa Valley Marathon,2025-03-02,1481,Napa,CA,,,,True,1,0,0
804,2024,Des Moines Marathon,2024-10-20,1480,Des Moines,IA,,,,True,1,0,0
178,2024,Standard Chartered Dubai Marathon,2024-01-07,1477,Dubai,ABU,,,,False,1,0,0
384,2023,Durban City Marathon,2023-03-12,1476,Durban,KWA,,,,False,1,0,0
808,2024,REVEL Big Cottonwood,2024-09-14,1468,Salt Lake City,UT,,,,True,1,1596,600
297,2023,Napa Valley Marathon,2023-03-05,1456,Napa,CA,,,,True,1,0,0
658,2023,Perth Marathon,2023-10-08,1455,Burswood,WA,,,,False,1,0,0
209,2023,Royal Victoria Marathon,2023-10-08,1454,"Victoria, B.C",BC,,,,True,5,0,0
27,2024,Carmel Marathon,2024-04-13,1451,Carmel,IN,,,,True,5,0,0
258,2023,Des Moines Marathon,2023-10-15,1450,Des Moines,IA,,,,True,1,0,0
351,2023,Mountains 2 Beach Marathon,2023-05-21,1450,Ventura,CA,,,,True,1,0,0
177,2023,Standard Chartered Dubai Marathon,2023-02-12,1446,Dubai,ABU,,,,False,1,0,0
194,2024,Brisbane Twighlight Running Festival,2024-06-02,1440,Brisbane,QLD,,,,False,1,0,0
298,2024,Napa Valley Marathon,2024-03-03,1437,Napa,CA,,,,True,1,0,0
176,2024,Leiden Marathon,2024-05-12,1432,Leiden,ZUI,,,,False,1,0,0
92,2024,Cowtown Marathon,2024-02-24,1425,Fort Worth,TX,,,,True,1,0,0
439,2023,Milwaukee Lakefront Marathon,2023-10-01,1420,milwaukee ,WI,,,,True,1,0,0
133,2023,RnR Arizona,2023-01-14,1416,Phoenix,AZ,,,,True,1,0,0
430,2022,Marathon Zeeland,2022-10-01,1402,Burgh Haamstede,ZEE,,,,False,1,0,0
15,2023,Atlanta Marathon,2023-02-25,1383,Atlanta,GA,,,,True,1,0,0
509,2024,Vermont City Marathon,2024-05-26,1381,Burlington,VT,,,,True,1,0,0
310,2024,Salt Lake City Marathon,2024-04-20,1375,Salt Lake City,UT,,,,True,1,0,0
291,2022,Wineglass Marathon Weekend,2022-10-01,1371,Corning,NY,,,,True,1,0,0
546,2024,Beer Lover's Marathon,2024-05-11,1369,Liège,LIÈ,,,,False,1,0,0
214,2023,Bayshore Marathon,2023-05-25,1366,Traverse City,MI,,,,True,1,0,0
1117,2025,Santa Rosa Marathon & Half Marathon,2025-08-24,1362,Santa Rosa,CA,,,,True,1,0,0
246,2023,Kiawah Island Marathon,2023-12-08,1361,Kiawah Island,SC,,,,True,1,0,0
286,2024,Wonderpark Akasia Road Race,2024-01-27,1359,Akasia,GAU,,,,False,1,0,0
230,2023,Australian Running Festival,2023-04-16,1353,Canberra,ACT,,,,False,1,0,0
1060,2025,Ogden Marathon,2025-05-17,1331,Ogden,UT,,,,True,1,0,0
266,2024,Glass City Marathon,2024-04-27,1329,Toledo,OH,,,,True,1,0,0
928,2024,Kiawah Island Marathon,2024-12-14,1328,Kiawah Island,SC,,,,True,1,0,0
1070,2025,Fargo Marathon,2025-05-31,1326,Fargo,ND,,,,True,1,0,0
1031,2025,Kentucky Derby Festival Marathon,2025-04-26,1322,Louisville,KY,,,,True,1,0,0
805,2024,Boulderthon,2024-09-29,1320,Boulder,CO,,,,True,1,0,0
752,2023,Torino City Marathon,2023-11-05,1319,"Torino ,turin",TOR,,,,False,1,0,0
1080,2025,Utah Valley Marathon,2025-06-07,1318,Provo,UT,,,,True,1,492,300
145,2022,Tallinna Maraton,2022-09-10,1317,Tallinn,LÄÄ,,,,False,1,0,0
215,2024,Bayshore Marathon,2024-05-23,1308,Traverse City,MI,,,,True,1,0,0
159,2022,Auckland Marathon,2022-10-29,1300,Auckland,AUC,,,,False,1,0,0
1113,2025,Edmonton Marathon,2025-08-17,1294,Edmonton,AB,,,,True,5,0,0
82,2023,Rimi Riga Marathon,2023-05-06,1292,Riga,RIG,,,,False,1,0,0
796,2024,Kansas City Marathon,2024-10-19,1289,Kansas City,MO,,,,True,1,0,0
245,2022,Kiawah Island Marathon,2022-12-10,1276,Kiawah Island,SC,,,,True,1,0,0
91,2023,Cowtown Marathon,2023-02-25,1266,Fort Worth,TX,,,,True,1,0,0
403,2024,Sarens Edenvale Marathon,2024-03-03,1264,Edenvale,GAU,,,,False,1,0,0
290,2024,Myrtle Beach Marathon,2024-03-02,1263,Myrtle Beach,SC,,,,True,1,0,0
242,2024,St. Louis Marathon,2024-04-27,1253,St Louis,MO,,,,True,1,0,0
110,2023,Surf City Marathon,2023-02-04,1248,Huntington Beach,CA,,,,True,1,0,0
187,2024,Kentucky Derby Festival Marathon,2024-04-27,1248,Louisville,KY,,,,True,1,0,0
811,2024,Richmond Runfest,2024-09-15,1248,Richmond,LON,,,,False,5,0,0
278,2024,Ogden Marathon,2024-05-18,1247,Ogden,UT,,,,True,1,0,0
1133,2025,Air Force Marathon,2025-09-20,1246,Dayton,OH,,,,True,1,0,0
364,2022,Seattle Marathon,2022-11-26,1245,Seattle,WA,,,,True,1,0,0
202,2023,Cleveland Marathon,2023-05-20,1241,Cleveland,OH,,,,True,1,0,0
158,2023,Kansas City Marathon,2023-10-21,1232,Kansas City,MO,,,,True,1,0,0
179,2023,Great Ocean Road Running Festival,2023-05-20,1225,Lorne,VI,,,,False,1,0,0
283,2024,Santa Rosa Marathon & Half Marathon,2024-08-24,1224,Santa Rosa,CA,,,,True,1,0,0
191,2022,ADNOC Abu Dhabi Marathon,2022-12-17,1215,Abu Dahbi,ABU,,,,False,1,0,0
1064,2025,Buffalo Marathon,2025-05-25,1214,Buffalo,NY,,,,True,5,0,0
197,2022,Ljubljanski Maraton,2022-10-22,1213,Ljubljana,LCEN,,,,False,1,0,0
305,2024,Utah Valley Marathon,2024-05-31,1212,Provo,UT,,,,True,1,0,0
951,2025,Louisiana Marathon,2025-01-19,1201,Baton Rouge,LA,,,,True,1,0,0
190,2023,RnR Manila,2023-11-26,1198,Manila,CEN,,,,False,1,0,0
1022,2025,Glass City Marathon,2025-04-27,1198,Toledo,OH,,,,True,1,0,0
250,2024,Buffalo Marathon,2024-05-25,1193,Buffalo,NY,,,,True,5,0,0
208,2022,Royal Victoria Marathon,2022-10-09,1189,"Victoria, B.C",BC,,,,True,5,0,0
922,2024,Rocket City Marathon,2024-12-14,1184,Huntsville,AL,,,,True,1,0,0
948,2025,Carlsbad Marathon,2025-01-19,1180,Carlsbad,CA,,,,True,1,0,0
1161,2025,REVEL Big Cottonwood,2025-09-13,1180,Salt Lake City,UT,,,,True,1,1596,600
427,2024,Cape Gate Vaal Marathon,2024-03-03,1179,Cape Gate Vaal Marathon,GAU,,,,False,1,0,0
265,2023,Glass City Marathon,2023-04-22,1178,Toledo,OH,,,,True,1,0,0
1150,2025,Maine Marathon,2025-10-05,1176,Portland,ME,,,,True,1,0,0
200,2022,Hartford Marathon,2022-10-08,1174,Hartford,CT,,,,True,1,0,0
327,2024,Marathon de Marrakech & Half Marathon,2024-01-28,1170,Marrakech,0,,,,False,1,0,0
978,2025,Myrtle Beach Marathon,2025-03-01,1167,Myrtle Beach,SC,,,,True,1,0,0
1172,2025,Cape Cod Marathon,2025-10-12,1164,Falmouth,MA,,,,True,1,0,0
508,2023,Vermont City Marathon,2023-05-28,1163,Burlington,VT,,,,True,1,0,0
1178,2025,Grand Rapids Marathon,2025-10-19,1162,Grand Rapids,MI,,,,True,1,0,0
189,2024,Great Limerick Run,2024-05-04,1161,Limerick,LIM,,,,False,1,0,0
264,2024,Missoula Marathon,2024-06-29,1160,Missoula,MT,,,,True,1,0,0
1115,2024,Edmonton Marathon,2024-08-18,1156,Edmonton,AB,,,,True,5,0,0
1102,2025,Missoula Marathon,2025-06-28,1153,Missoula,MT,,,,True,1,0,0
20,2024,Rotorua Marathon,2024-05-03,1151,Rotorua,WAI,,,,False,1,0,0
237,2024,Little Rock Marathon,2024-03-02,1147,Little Rock,AR,,,,True,1,0,0
1043,2025,REVEL White Mountains,2025-05-04,1144,Conway,NH,,,,True,1,716,300
1171,2025,Baystate Marathon,2025-10-19,1141,Lowell,MA,,,,True,1,0,0
251,2023,Richmond Runfest,2023-09-09,1136,Richmond,LON,,,,False,5,0,0
981,2025,Little Rock Marathon,2025-03-02,1133,Little Rock,AR,,,,True,1,0,0
371,2024,Marathon de Namur,2024-04-07,1125,Namur,NAM,,,,False,1,0,0
174,2023,Marathon Touraine Loire Valley,2023-09-24,1122,TOURS,IND,,,,False,1,0,0
243,2022,Charlotte's Thunder Road Marathon,2022-11-12,1120,Charlotte,NC,,,,True,1,0,0
930,2024,Tucson Marathon,2024-12-15,1107,Tucson,AZ,,,,True,1,697,300
838,2024,Baystate Marathon,2024-10-20,1105,Lowell,MA,,,,True,1,0,0
973,2025,Wilmington Marathon,2025-02-22,1104,Wilmington,NC,,,,True,1,0,0
1122,2025,Erie Marathon,2025-09-07,1103,Erie,PA,,,,True,1,0,0
199,2024,Bratislava Marathon,2024-04-06,1102,Bratislava,BRA,,,,False,1,0,0
277,2023,Ogden Marathon,2023-05-20,1101,Ogden,UT,,,,True,1,0,0
1015,2025,Newport Rhode Race,2025-04-19,1099,Newport,RI,,,,True,1,0,0
1185,2025,Newport Marathon (RI),2025-10-12,1097,Newport,RI,,,,True,1,0,0
257,2022,Des Moines Marathon,2022-10-16,1095,Des Moines,IA,,,,True,1,0,0
357,2023,Weskus Marathon,2023-03-18,1087,Langebaan,WES,,,,False,1,0,0
974,2025,Ventura Marathon,2025-02-23,1087,Ventura,CA,,,,True,1,0,0
241,2023,St. Louis Marathon,2023-04-01,1082,St Louis,MO,,,,True,1,0,0
1036,2025,Colorado Marathon,2025-05-04,1081,Fort Collins,CO,,,,True,1,0,0
763,2024,Route 66 Marathon,2024-11-24,1080,Tulsa,OK,,,,True,5,0,0
186,2023,Kentucky Derby Festival Marathon,2023-04-29,1073,Louisville,KY,,,,True,1,0,0
1082,2025,Manitoba Marathon,2025-06-15,1072,Winnipeg,MB,,,,True,1,0,0
227,2023,Air Force Marathon,2023-09-14,1070,Dayton,OH,,,,True,1,0,0
249,2023,Buffalo Marathon,2023-05-28,1068,Buffalo,NY,,,,True,5,0,0
458,2024,Colorado Marathon,2024-05-05,1064,Fort Collins,CO,,,,True,1,0,0
300,2023,Winelands Marathon/Half Marathon,2023-11-25,1062,Stellenbosch,WES,,,,False,1,0,0
820,2024,Grand Rapids Marathon,2024-10-20,1054,Grand Rapids,MI,,,,True,1,0,0
1051,2025,Lincoln Marathon,2025-05-04,1054,Lincoln,NE,,,,True,1,0,0
263,2023,Missoula Marathon,2023-06-24,1052,Missoula,MT,,,,True,1,0,0
1222,2025,Route 66 Marathon,2025-11-23,1052,Tulsa,OK,,,,True,1,0,0
309,2023,Salt Lake City Marathon,2023-04-22,1050,Salt Lake City,UT,,,,True,1,0,0
1170,2025,Atlantic City Marathon,2025-10-19,1032,Atlantic City,NJ,,,,True,5,0,0
261,2022,Madison Marathon,2022-11-13,1031,Madison,WI,,,,True,1,0,0
779,2024,Air Force Marathon,2024-09-01,1027,Dayton,OH,,,,True,1,0,0
656,2024,Erie Marathon,2024-09-08,1022,Erie,PA,,,,True,1,0,0
181,2023,Calgary Marathon,2023-05-28,1007,Calgary,AB,,,,False,1,0,0
157,2022,Kansas City Marathon,2022-10-15,1002,Kansas City,MO,,,,True,1,0,0
445,2024,Maine Coast Marathon,2024-05-04,1002,Wells,ME,,,,True,1,0,0
289,2023,Myrtle Beach Marathon,2023-03-04,999,Myrtle Beach,SC,,,,True,1,0,0
307,2024,Louisiana Marathon,2024-01-13,999,Baton Rouge,LA,,,,True,1,0,0
276,2024,Carlsbad Marathon,2024-01-14,997,Carlsbad,CA,,,,True,1,0,0
167,2023,Fargo Marathon,2023-05-15,995,Fargo,ND,,,,True,1,0,0
304,2023,Utah Valley Marathon,2023-06-03,995,Provo,UT,,,,True,1,0,0
236,2023,Little Rock Marathon,2023-03-04,989,Little Rock,AR,,,,True,1,0,0
786,2024,Maine Marathon,2024-10-06,986,Portland,ME,,,,True,1,0,0
346,2022,REVEL Big Cottonwood,2022-09-10,983,Salt Lake City,UT,,,,True,1,0,0
1230,2025,Rehoboth Seashore Marathon,2025-12-06,980,Rehoboth Beach,DE,,,,True,1,0,0
417,2024,Ventura Marathon,2024-02-25,977,Ventura,CA,,,,True,1,0,0
483,2022,Cetilar Maratona di Pisa,2022-12-18,977,Pisa,PIS,,,,False,1,0,0
1199,2025,City of Oaks Marathon,2025-11-02,977,Raleigh,NC,,,,True,1,0,0
232,2023,Route 66 Marathon,2023-11-18,976,Tulsa,OK,,,,True,5,0,0
533,2023,Baystate Marathon,2023-10-15,975,Lowell,MA,,,,True,1,0,0
329,2024,Newport Rhode Race,2024-04-13,972,Newport,RI,,,,True,1,0,0
819,2024,Atlantic City Marathon,2024-10-19,971,Atlantic City,NJ,,,,True,1,0,0
141,2023,Reykjavikur Marathon,2023-08-19,965,Reykjavik,REY,,,,False,1,0,0
282,2023,Santa Rosa Marathon & Half Marathon,2023-08-26,963,Santa Rosa,CA,,,,True,1,0,0
389,2023,Atlantic City Marathon,2023-10-21,951,Atlantic City,NJ,,,,True,1,0,0
756,2024,The Norfolk Marathon,2024-04-28,946,Cromer,NFK,,,,False,1,0,0
26,2023,Carmel Marathon,2023-04-08,945,Carmel,IN,,,,True,5,0,0
655,2023,Erie Marathon,2023-09-10,945,Erie,PA,,,,True,1,0,0
1052,2025,Maine Coast Marathon,2025-05-04,941,Wells,ME,,,,True,1,0,0
1225,2025,Space Coast Marathon,2025-11-30,941,Melbourne,FL,,,,True,1,0,0
299,2022,Winelands Marathon/Half Marathon,2022-11-26,938,Stellenbosch,WES,,,,False,1,0,0
443,2023,Grand Rapids Marathon,2023-10-15,936,Grand Rapids,MI,,,,True,1,0,0
817,2024,Cape Cod Marathon,2024-10-12,931,Falmouth,MA,,,,True,1,0,0
172,2023,Freiburg Marathon,2023-03-25,929,Freiburg,BAD,,,,False,1,0,0
755,2024,Johannesburg City Marathon,2024-03-24,927,Johannesburg,GAU,,,,False,1,0,0
1014,2025,Milwaukee Marathon,2025-04-13,926,Milwaukee,WI,,,,True,1,0,0
489,2024,Revel Rockies,2024-06-01,921,Denver,CO,,,,True,1,0,0
316,2023,Boulderthon,2023-10-08,917,Boulder,CO,,,,True,1,0,0
977,2025,Woodlands Marathon,2025-03-01,916,The Woodlands,TX,,,,True,1,0,0
466,2023,Rocket City Marathon,2023-12-08,915,Huntsville,AL,,,,True,1,0,0
532,2022,Baystate Marathon,2022-10-16,913,Lowell,MA,,,,True,1,0,0
861,2024,Steamtown Marathon,2024-10-13,913,Scranton,PA,,,,True,1,0,0
173,2022,Marathon Touraine Loire Valley,2022-09-25,908,TOURS,IND,,,,False,1,0,0
393,2023,Maine Marathon,2023-10-01,906,Portland,ME,,,,True,1,0,0
193,2023,Brisbane Twighlight Running Festival,2023-06-02,904,Brisbane,QLD,,,,False,1,0,0
647,2023,Six Foot Track Marathon,2023-03-10,902,Sydney,NSW,,,,False,1,0,0
345,2024,Wilmington Marathon,2024-02-21,900,Wilmington,NC,,,,True,1,0,0
433,2023,Cape Cod Marathon,2023-10-07,897,Falmouth,MA,,,,True,1,0,0
1023,2025,Illinois Marathon,2025-04-26,895,Champaign,IL,,,,True,1,0,0
1192,2025,Steamtown Marathon,2025-10-12,892,Scranton,PA,,,,True,1,0,0
226,2022,Air Force Marathon,2022-09-16,890,Dayton,OH,,,,True,1,0,0
231,2022,Route 66 Marathon,2022-11-19,890,Tulsa,OK,,,,True,5,0,0
823,2024,Newport Marathon (RI),2024-10-13,889,Newport,RI,,,,True,1,0,0
937,2024,Rehoboth Seashore Marathon,2024-12-07,886,Rehoboth Beach,DE,,,,True,5,0,0
240,2023,Belgrade Marathon,2023-04-22,883,Belgrade,VOJ,,,,False,1,0,0
465,2022,Rocket City Marathon,2022-12-10,883,Huntsville,AL,,,,True,1,0,0
941,2024,Space Coast Marathon,2024-12-01,880,Melbourne,FL,,,,True,1,0,0
995,2025,Oakland Marathon Running Festival,2025-03-23,878,Oakland,CA,,,,True,1,0,0
373,2024,Tobacco Road Marathon,2024-03-17,875,Cary,NC,,,,True,1,0,0
248,2024,ABP Southampton Half Marathon,2024-04-07,873,Southampton,HAM,,,,False,1,0,0
630,2022,Steamtown Marathon,2022-10-09,872,Scranton,PA,,,,True,1,0,0
631,2023,Steamtown Marathon,2023-10-08,871,Scranton,PA,,,,True,1,0,0
484,2023,Cetilar Maratona di Pisa,2023-12-15,863,Pisa,PIS,,,,False,1,0,0
279,2022,Quebec City Marathon,2022-10-01,862,Quebec City,QC,,,,True,1,0,0
408,2023,Rehoboth Seashore Marathon,2023-12-02,861,rehoboth beach,DE,,,,True,5,0,0
288,2023,Space Coast Marathon,2023-11-26,858,Melbourne,FL,,,,True,1,0,0
301,2023,Midnight Sun Marathon,2023-06-17,854,Tromsø,TRO,,,,False,1,0,0
464,2023,Sasol Marathon,2023-03-25,852,Sasolburg,FRE,,,,False,1,0,0
1081,2024,The Light At The End of the Tunnel,2024-06-09,852,North Bend,WA,,,,True,1,0,0
1029,2025,St. Louis Marathon,2025-04-27,846,St Louis,MO,,,,True,1,0,0
303,2024,Woodlands Marathon,2024-02-24,841,Houston,TX,,,,True,1,0,0
213,2024,Manitoba Marathon,2024-06-16,840,Winnpeg,MB,,,,True,5,0,0
845,2024,Mount Desert Island Marathon,2024-10-20,840,Bar Harbor,ME,,,,True,1,0,0
1188,2025,Seven Bridges Marathon,2025-10-19,840,Chattanooga,TN,,,,True,1,0,0
548,2023,Tucson Marathon,2023-12-10,839,Tucson,AZ,,,,True,1,0,0
326,2023,Marathon de Marrakech & Half Marathon,2023-01-29,838,Marrakech,0,,,,False,1,0,0
620,2023,Infantry School Cango Caves Marathon,2023-02-25,833,"Cango Caves, Oudtshoorn",WES,,,,False,1,0,0
388,2022,Atlantic City Marathon,2022-10-22,832,Atlantic City,NJ,,,,True,1,0,0
709,2024,Tunnel Lite Marathon,2024-09-08,830,North Bend,WA,,,,True,1,621,300
806,2024,City of Oaks Marathon,2024-11-03,828,Raleigh,NC,,,,True,1,0,0
302,2023,Woodlands Marathon,2023-03-04,823,Houston,TX,,,,True,1,0,0
275,2023,Carlsbad Marathon,2023-01-15,821,Carlsbad,CA,,,,True,1,0,0
287,2022,Space Coast Marathon,2022-11-27,821,Melbourne,FL,,,,True,1,0,0
432,2022,Cape Cod Marathon,2022-10-01,820,Falmouth,MA,,,,True,1,0,0
1134,2025,Akron Marathon,2025-09-27,820,Akron,OH,,,,True,1,0,0
368,2024,Metropolmarathon Furth,2024-06-16,818,Fürth,BAV,,,,False,1,0,0
100,2023,Jerusalem Marathon,2023-03-17,816,"Jerusalem, Israel",JER,,,,False,1,0,0
1184,2025,Mount Desert Island Marathon,2025-10-19,813,Bar Harbor,ME,,,,True,1,0,0
1078,2025,The Light At The End of the Tunnel,2025-06-08,811,North Bend,WA,,,,True,1,621,300
188,2023,Great Limerick Run,2023-04-30,806,Limerick,LIM,,,,False,1,0,0
260,2024,Lincoln Marathon,2024-05-05,804,Lincoln,NE,,,,True,1,0,0
457,2023,Colorado Marathon,2023-05-07,804,Fort Collins,CO,,,,True,1,0,0
259,2023,Lincoln Marathon,2023-05-07,803,Lincoln,NE,,,,True,1,0,0
572,2024,Marathon du Vignoble d'Alsace,2024-06-22,803,Molsheim,BAS,,,,False,1,0,0
354,2024,Vietnam Trail Marathon,2024-01-20,800,Moc Chau,SON,,,,False,1,0,0
813,2024,Akron Marathon,2024-09-28,789,Akron,OH,,,,True,1,0,0
314,2023,Bucharest Marathon,2023-10-15,788,Bucharest,BUC,,,,False,1,0,0
621,2024,Infantry School Cango Caves Marathon,2024-02-24,788,"Cango Caves, Oudtshoorn",WES,,,,False,1,0,0
442,2022,Grand Rapids Marathon,2022-10-16,780,Grand Rapids,MI,,,,True,1,0,0
407,2022,Rehoboth Seashore Marathon,2022-12-03,779,rehoboth beach,DE,,,,True,5,0,0
1108,2025,Jack and Jill Downhill Marathon,2025-07-27,779,Snoqualmie,WA,,,,True,1,621,300
372,2023,Tobacco Road Marathon,2023-03-19,777,Cary,NC,,,,True,1,0,0
1009,2025,Coastal Delaware Running Festival,2025-04-13,776,Dewey Beach,DE,,,,True,1,0,0
1114,2025,Tunnel Vision Marathon,2025-08-10,770,North Bend,WA,,,,True,1,621,300
334,2023,Edmonton Marathon,2023-08-20,769,Edmonton,AB,,,,True,5,0,0
757,2023,Jack and Jill Downhill Marathon,2023-07-29,764,North Bend,WA,,,,True,1,0,0
416,2023,Ventura Marathon,2023-02-26,761,Ventura,CA,,,,True,1,0,0
175,2023,Leiden Marathon,2023-05-14,758,Leiden,ZUI,,,,False,1,0,0
385,2024,Durban City Marathon,2024-03-24,757,Durban,KWA,,,,False,1,0,0
689,2023,The Light At The End of the Tunnel,2023-06-11,757,North Bend,WA,,,,True,1,0,0
654,2022,Erie Marathon,2022-09-11,756,Erie,PA,,,,True,1,0,0
306,2023,Louisiana Marathon,2023-01-14,753,Baton Rouge,LA,,,,True,1,0,0
392,2022,Maine Marathon,2022-09-24,747,Portland,ME,,,,True,1,0,0
497,2024,Timbercity Red Hill Marathon And Classic,2024-01-27,736,Cape Town,CAP,,,,False,1,0,0
185,2024,Illinois Marathon,2024-04-25,735,Champaign,IL,,,,True,1,0,0
239,2023,Kilimanjaro Marathon,2023-02-26,734,Moshi,KIL,,,,False,1,0,0
474,2024,Mayor's Marathon,2024-06-20,733,Anchorage,AK,,,,True,1,0,0
344,2023,Wilmington Marathon,2023-02-21,732,Wilmington,NC,,,,True,1,0,0
247,2023,ABP Southampton Half Marathon,2023-04-02,711,Southampton,HAM,,,,False,1,0,0
488,2023,Revel Rockies,2023-06-03,711,Denver,CO,,,,True,1,0,0
1205,2025,Two Cities Marathon,2025-11-02,711,Fresno,CA,,,,True,1,0,0
296,2024,Jeppe Marathon,2024-02-11,709,Johannesburg,GAU,,,,False,1,0,0
972,2025,Fort Lauderdale Marathon,2025-02-16,705,Ft Lauderdale,FL,,,,True,1,0,0
36,2024,Jack and Jill Downhill Marathon,2024-07-27,701,Snoqualmie,WA,,,,True,1,0,0
657,2022,Perth Marathon,2022-10-09,701,Burswood,WA,,,,False,1,0,0
339,2024,Coastal Delaware Running Festival,2024-04-13,699,Dewey Beach,DE,,,,True,1,0,0
149,2022,Nairobi Marathon,2022-10-23,696,Nairobi,CEN,,,,False,1,0,0
1200,2025,Hamilton Marathon,2025-11-01,694,Hamilton,ON,,,,True,5,0,0
343,2023,Akron Marathon,2023-09-30,693,Akron,OH,,,,True,1,0,0
342,2022,Akron Marathon,2022-09-24,692,Akron,OH,,,,True,1,0,0
359,2023,Blouberg Marathon,2023-08-27,685,"Eden On The Bay, Cape Town",CAP,,,,False,1,0,0
294,2024,Fort Lauderdale Marathon,2024-02-18,680,Fort Lauderdale,FL,,,,True,1,0,0
720,2024,Tunnel Vision Marathon,2024-08-11,680,North Bend,WA,,,,True,1,0,0
768,2023,Newport Marathon (RI),2023-10-08,677,Newport,RI,,,,True,1,0,0
328,2023,Newport Rhode Race,2023-04-15,676,Newport,RI,,,,True,1,0,0
350,2024,Green Bay Marathon,2024-05-19,674,Green Bay,WI,,,,True,1,0,0
641,2023,Sedibeng Marathon,2023-04-27,674,Vereeniging,GAU,,,,False,1,0,0
1003,2025,Knoxville Marathon,2025-04-06,674,Knoxville,TN,,,,True,1,0,0
256,2023,City of Oaks Marathon,2023-11-05,670,Raleigh,NC,,,,True,1,0,0
1140,2025,Marathon de Granby,2025-10-05,668,Granby,QC,,,,True,5,0,0
708,2023,Tunnel Lite Marathon,2023-09-10,666,North Bend,WA,,,,True,1,0,0
198,2023,Twincity Marathon,2023-03-12,665,Cyberjaya,SEL,,,,False,1,0,0
1084,2025,Mayor's Marathon,2025-06-21,665,Anchorage,AK,,,,True,1,0,0
315,2022,Boulderthon,2022-10-09,662,Boulder,CO,,,,True,1,0,0
963,2025,DONNA National Marathon,2025-02-02,661,Jacksonville Beach,FL,,,,True,1,0,0
229,2024,Oakland Marathon Running Festival,2024-03-17,660,Oakland,CA,,,,True,1,0,0
184,2022,Danske Bank Vilnius Marathon,2022-09-11,659,Vilnius,VL,,,,False,1,0,0
814,2024,Hamilton Marathon,2024-11-02,651,Hamilton,ON,,,,True,5,0,0
568,2023,Mount Desert Island Marathon,2023-10-15,650,Bar Harbor,ME,,,,True,1,0,0
313,2023,Salzburg Marathon,2023-05-21,647,Salzburg,SAL,,,,False,1,0,0
766,2024,Niagara Falls International Marathon,2024-10-27,646,Niagara Falls,ON,,,,False,1,0,0
195,2022,Omv Linz Marathon,2022-10-23,642,Linz,UPP,,,,False,1,0,0
420,2024,Mississauga Marathon,2024-04-28,642,Mississauga,ON,,,,True,5,0,0
338,2023,Coastal Delaware Running Festival,2023-04-15,634,Dewey Beach,DE,,,,True,1,0,0
925,2024,Baylor Scott and White BCS Marathon,2024-12-08,633,College Station,TX,,,,True,5,0,0
1032,2025,Eau Claire Marathon,2025-04-27,627,Eau Claire,WI,,,,True,1,0,0
921,2024,Jacksonville Marathon,2024-12-14,625,Jacksonville,FL,,,,True,1,0,0
923,2024,Palm Beaches Marathon,2024-12-15,623,West Palm Beach,FL,,,,True,1,0,0
822,2024,Seven Bridges Marathon,2024-10-20,622,Chattanooga,TN,,,,True,1,0,0
383,2024,Eau Claire Marathon,2024-04-28,617,Eau Claire,WI,,,,True,1,0,0
318,2024,Knoxville Marathon,2024-04-06,615,Knoxville,TN,,,,True,1,0,0
920,2024,Mississippi Gulf Coast Marathon,2024-12-15,615,Stennis Space Center,MS,,,,True,1,0,0
567,2022,Mount Desert Island Marathon,2022-10-16,613,Bar Harbor,ME,,,,True,1,0,0
224,2023,Fiducia Baden-Marathon,2023-09-17,610,Karlsruhe,BAD,,,,False,1,0,0
1025,2025,Mississauga Marathon,2025-04-27,609,Mississauga,ON,,,,True,5,0,0
398,2023,Niagara Falls International Marathon,2023-10-22,603,Niagara Falls,ON,,,,False,1,0,0
1183,2025,Mohawk-Hudson River Marathon,2025-10-12,603,Albany,NY,,,,True,1,0,0
534,2023,Asheville Marathon,2023-03-18,601,Asheville,NC,,,,True,1,0,0
212,2023,Manitoba Marathon,2023-06-18,593,Winnpeg,MB,,,,True,5,0,0
473,2023,Mayor's Marathon,2023-06-17,582,Anchorage,AK,,,,True,1,0,0
1207,2025,Harrisburg Marathon,2025-11-09,577,Harrisburg,PA,,,,True,1,0,0
381,2024,Long Island Marathon,2024-05-01,571,East Meadow,NY,,,,True,1,0,0
535,2024,Asheville Marathon,2024-03-16,570,Asheville,NC,,,,True,1,0,0
1210,2025,Manchester City Marathon,2025-11-09,570,Manchester,NH,,,,True,5,0,0
295,2023,Knysna Forest Marathon,2023-07-08,568,Knysna,WES,,,,False,1,0,0
835,2024,Manchester City Marathon,2024-11-10,567,Manchester,NH,,,,True,5,0,0
255,2022,City of Oaks Marathon,2022-11-06,565,Raleigh,NC,,,,True,1,0,0
865,2024,Harrisburg Marathon,2024-11-10,565,Harrisburg,PA,,,,True,1,0,0
491,2023,Jacksonville Marathon,2023-12-10,564,Jacksonville,FL,,,,True,1,0,0
547,2022,Tucson Marathon,2022-12-10,564,Tucson,AZ,,,,True,1,0,0
816,2024,Quad Cities Marathon,2024-09-21,563,Moline,IL,,,,True,1,0,0
274,2024,DONNA National Marathon,2024-02-03,562,Jacksonville,FL,,,,True,1,0,0
395,2023,Wizz Air Sofia Marathon,2023-08-10,560,Sofia,SOF,,,,False,1,0,0
1033,2025,Jim Thorpe Area Running Festival,2025-04-27,559,Jim Thorpe,PA,,,,True,1,0,0
426,2023,Mankato Marathon & Half Marathon,2023-10-20,557,Mankato,MN,,,,True,1,0,0
419,2023,Quad Cities Marathon,2023-09-24,555,Moline,IL,,,,True,1,0,0
454,2024,Irving Marathon,2024-03-30,555,Irving,TX,,,,True,1,0,0
1005,2025,The Cheap Marathon,2025-04-05,548,Derry,NH,,,,True,5,0,0
1211,2025,Salina Crossroads Marathon,2025-11-08,548,Salina,KS,,,,True,1,0,0
105,2023,Maratona Di Roma,2023-03-19,546,Rome,ROM,,,,False,1,0,0
441,2023,Baylor Scott and White BCS Marathon,2023-12-10,545,College Station,TX,,,,True,5,0,0
1121,2025,Cascade Express Marathon,2025-09-06,545,Snoqualmie Pass,WA,,,,True,1,481,300
993,2025,Tobacco Road Marathon,2025-03-16,543,Cary,NC,,,,True,1,0,0
1142,2025,Fox Cities Marathon,2025-09-21,543,Appleton,WI,,,,True,1,0,0
600,2024,Gateshead Half Marathon & 10k,2024-05-05,542,Gateshead,TYN,,,,False,1,0,0
1159,2025,Quad Cities Marathon,2025-09-28,539,Moline,IL,,,,True,1,0,0
1040,2025,Long Island Marathon,2025-05-04,538,East Meadow,NY,,,,True,1,0,0
749,2023,NMC Fast Race 3-in-1,2023-03-25,534,Mbombela,MPU,,,,False,1,0,0
619,2024,Sugarloaf Marathon,2024-05-12,533,Kingfield,ME,,,,True,1,0,0
664,2024,Jim Thorpe Area Running Festival,2024-04-27,533,Jim Thorpe,PA,,,,True,1,0,0
293,2023,Fort Lauderdale Marathon,2023-02-19,526,Fort Lauderdale,FL,,,,True,1,0,0
777,2024,Cascade Express Marathon,2024-09-07,526,Snoqualmie Pass,WA,,,,True,1,0,0
440,2022,Baylor Scott and White BCS Marathon,2022-12-11,523,College Station,TX,,,,True,5,0,0
211,2023,Mercedes Marathon,2023-02-11,522,Birmingham,AL,,,,False,1,0,0
382,2023,Eau Claire Marathon,2023-04-29,522,Eau Claire,WI,,,,True,1,0,0
336,2023,Christchurch Airport Marathon,2023-04-16,521,Christchurch,CAN,,,,False,1,0,0
676,2022,Harrisburg Marathon,2022-11-13,516,Harrisburg,PA,,,,True,1,0,0
990,2025,Asheville Marathon,2025-03-15,516,Asheville,NC,,,,True,1,0,0
558,2024,Mall of the North Marathon,2024-04-06,515,Polokwane,GAU,,,,False,1,0,0
851,2024,Mohawk-Hudson River Marathon,2024-10-13,513,Albany,NY,,,,True,1,0,0
1176,2025,Duke City Marathon,2025-10-19,513,Albuquerque,NM,,,,True,1,0,0
1106,2025,Charlevoix Marathon,2025-06-21,511,Charlevoix,MI,,,,True,5,0,0
719,2023,Tunnel Vision Marathon,2023-08-13,510,North Bend,WA,,,,True,1,0,0
1126,2025,Mt. Nebo Marathon,2025-09-06,510,Payson,UT,,,,True,1,1390,600
569,2023,Martha's Vineyard Marathon,2023-05-20,509,Oaks Bluff,MA,,,,True,1,0,0
574,2024,Maratonina Maga Circe,2024-02-04,509,Sabaudia,LAT,,,,False,1,0,0
317,2023,Knoxville Marathon,2023-04-01,508,Knoxville,TN,,,,True,1,0,0
968,2025,St. Petersburg Marathon,2025-02-09,507,St. Peterbusrg,FL,,,,True,1,0,0
273,2023,DONNA National Marathon,2023-02-05,506,Jacksonville,FL,,,,True,1,0,0
618,2023,Sugarloaf Marathon,2023-05-14,504,Kingfield,ME,,,,True,1,0,0
1153,2025,Mo' Cowbell Marathon,2025-10-05,504,St. Charles,MO,,,,True,1,0,0
637,2024,Charlevoix Marathon,2024-06-15,501,Charlevoix,MI,,,,True,5,0,0
577,2024,Chicagoland Marathon,2024-05-05,500,Chicago,IL,,,,True,1,0,0
349,2023,Green Bay Marathon,2023-05-21,497,Green Bay,WI,,,,True,1,0,0
1143,2025,Fox Valley Marathon,2025-09-21,497,St. Charles,IL,,,,True,1,0,0
541,2024,Newport News One City Marathon,2024-03-02,495,Newport News,VA,,,,True,1,0,0
818,2024,Duke City Marathon,2024-10-20,494,Albuquerque,NM,,,,True,1,0,0
402,2023,Duke City Marathon,2023-10-22,489,Albuquerque,NM,,,,True,1,0,0
322,2023,Mo' Cowbell Marathon,2023-10-01,488,St Charles,MO,,,,True,1,0,0
450,2024,Garmin Marathon,2024-04-20,488,Olathe,KS,,,,True,1,0,0
830,2024,Fox Valley Marathon,2024-09-22,488,"St. Charles, IL",IL,,,,True,1,0,0
1049,2025,Chicagoland Marathon,2025-05-04,488,Chicago,IL,,,,True,1,0,0
767,2024,Two Cities Marathon,2024-11-03,487,Fresno,CA,,,,True,1,0,0
989,2025,Coast Guard Marathon,2025-03-09,486,Elizabeth City,NC,,,,True,1,0,0
812,2024,Mo' Cowbell Marathon,2024-10-06,483,St Charles,MO,,,,True,1,0,0
410,2023,Two Cities Marathon,2023-11-05,481,Fresno,CA,,,,True,1,0,0
414,2023,Mississippi Gulf Coast Marathon,2023-12-09,478,Stennis Space Center,MS,,,,True,1,0,0
517,2024,Coast Guard Marathon,2024-04-05,478,Elizabeth City,NC,,,,True,1,0,0
487,2024,Blue Ridge Marathon,2024-04-01,477,Roanoke,VA,,,,True,1,0,0
69,2023,Seven Bridges Marathon,2023-10-15,476,Chattanooga,TN,,,,True,1,0,0
1198,2025,Bass Pro Shops Marathon,2025-11-02,476,Springfield,MO,,,,True,1,0,0
983,2025,Newport News One City Marathon,2025-03-02,474,Newport News,VA,,,,True,1,0,0
999,2025,Irving Marathon,2025-03-30,472,Irving,TX,,,,True,1,0,0
379,2024,Run the Alamo Marathon,2024-03-03,471,San Antonio,TX,,,,True,1,0,0
228,2023,Oakland Marathon Running Festival,2023-03-19,470,Oakland,CA,,,,True,1,0,0
1212,2025,Fort Worth Marathon,2025-11-09,470,Fort Worth,TX,,,,True,1,0,0
562,2024,MARATONA  DI SAN VALENTINO,2024-02-18,469,Terni,TER,,,,False,1,0,0
448,2023,Hamilton Marathon,2023-11-05,468,Hamilton,ON,,,,True,5,0,0
525,2024,Avenue of the Giants Marathon,2024-05-05,467,Weott,CA,,,,True,1,0,0
958,2025,Clearwater Marathon,2025-01-25,466,Clearwater,FL,,,,True,5,0,0
1164,2025,Tunnel Lite Marathon,2025-09-14,466,North Bend,WA,,,,True,1,621,300
523,2024,Delaware Marathon,2024-04-21,464,Wilmington,DE,,,,True,1,0,0
677,2023,Harrisburg Marathon,2023-11-12,464,Harrisburg,PA,,,,True,1,0,0
415,2023,Espoo Rantamaraton,2023-09-16,462,Espoo,ETE,,,,False,1,0,0
522,2023,Delaware Marathon,2023-04-22,462,Wilmington,DE,,,,True,1,0,0
418,2022,Quad Cities Marathon,2022-09-25,461,Moline,IL,,,,True,1,0,0
477,2023,Fox Valley Marathon,2023-09-17,460,"St. Charles, IL",IL,,,,True,1,0,0
1020,2025,Garmin Marathon,2025-04-26,454,Olathe,KS,,,,True,1,0,0
435,2023,Palm Beaches Marathon,2023-12-09,453,West Palm Beach,FL,,,,True,1,0,0
837,2024,Salina Crossroads Marathon,2024-11-02,453,Salina,KS,,,,True,1,0,0
529,2023,Manchester City Marathon,2023-11-12,452,Manchester,NH,,,,True,5,0,0
576,2023,Chicagoland Marathon,2023-05-07,452,Chicago,IL,,,,True,1,0,0
686,2022,Chelmsford Parks Marathon,2022-10-16,450,Chelmsford,ESS,,,,False,1,0,0
220,2024,Dead Sea Marathon,2024-02-02,449,Ean Kadi,CEN,,,,False,1,0,0
1119,2025,Marquette Marathon,2025-08-30,448,Marquette,MI,,,,True,5,0,0
1216,2025,Garmin Tucson Marathon,2025-11-15,447,Tucson,AZ,,,,True,1,0,0
476,2022,Fox Valley Marathon,2022-09-18,445,"St. Charles, IL",IL,,,,True,1,0,0
528,2022,Manchester City Marathon,2022-11-13,440,Manchester,NH,,,,True,5,0,0
1145,2025,Hamptons Marathon,2025-09-27,440,Southampton,NY,,,,True,1,0,0
1197,2025,Spinx Runfest Marathon,2025-10-25,439,Greenville,SC,,,,True,1,0,0
595,2023,Mohawk-Hudson River Marathon,2023-10-08,438,Albany,NY,,,,True,1,0,0
788,2024,Nashville Marathon,2024-10-26,437,Nashville,TN,,,,True,1,0,0
1128,2025,Georgina Marathon,2025-09-07,437,Jacksons Point,ON,,,,True,1,0,0
397,2022,Niagara Falls International Marathon,2022-10-23,435,Niagara Falls,ON,,,,False,1,0,0
1004,2025,Delaware Marathon,2025-04-06,435,Wilmingto,DE,,,,True,1,0,0
449,2023,Garmin Marathon,2023-04-22,432,Olathe,KS,,,,True,1,0,0
1139,2025,Colorado Springs Marathon,2025-10-04,432,Colorado Springs,CO,,,,True,1,0,0
976,2025,El Paso Marathon,2025-02-23,431,El Paso,TX,,,,True,5,0,0
1013,2025,Blue Ridge Marathon,2025-04-13,431,Roanoke,VA,,,,True,1,0,0
380,2023,Long Island Marathon,2023-05-01,430,East Meadow,NY,,,,True,1,0,0
73,2024,Catalina Marathon,2024-03-09,429,Avalon,CA,,,,False,1,0,0
1107,2025,Deseret News Classic Marathon,2025-07-24,426,Salt Lake City,UT,,,,True,1,969,600
135,2023,Marquette Marathon,2023-09-02,425,Marquette,MI,,,,True,1,0,0
1141,2025,Equinox Marathon,2025-09-20,424,Fairbanks,AK,,,,True,1,0,0
136,2024,Marquette Marathon,2024-08-31,423,Marquette,MI,,,,True,1,0,0
391,2023,Run Galway Bay,2023-10-07,421,Galway,GAL,,,,False,1,0,0
956,2025,Big Beach Marathon,2025-01-26,420,Gulf Shores,AL,,,,True,1,0,0
348,2024,Milwaukee Marathon,2024-04-13,419,Milwaukee,WI,,,,True,1,0,0
594,2022,Mohawk-Hudson River Marathon,2022-10-09,419,Albany,NY,,,,True,1,0,0
321,2022,Mo' Cowbell Marathon,2022-10-02,418,St Charles,MO,,,,True,1,0,0
490,2022,Jacksonville Marathon,2022-12-11,418,Jacksonville,FL,,,,True,1,0,0
1201,2025,Louisville Marathon,2025-11-02,418,Louisville,KY,,,,True,1,0,0
394,2022,Wizz Air Sofia Marathon,2022-10-09,417,Sofia,SOF,,,,False,1,0,0
453,2023,Irving Marathon,2023-04-01,417,Irving,TX,,,,True,1,0,0
815,2024,Marathon de Granby,2024-10-06,417,Granby,QC,,,,True,5,0,0
636,2023,Charlevoix Marathon,2023-06-17,416,Charlevoix,MI,,,,True,5,0,0
447,2022,Hamilton Marathon,2022-11-05,414,Hamilton,ON,,,,True,5,0,0
461,2024,Coeur d' Alene Marathon,2024-05-25,413,Coeur D'alene,ID,,,,True,1,0,0
564,2024,Big Beach Marathon,2024-01-27,413,Gulf Shores,AL,,,,True,1,0,0
1065,2025,Coeur d' Alene Marathon,2025-05-25,413,Cour D'alene,ID,,,,True,1,0,0
680,2023,The Cheap Marathon,2023-04-16,411,Salisbury,MA,,,,True,5,0,0
378,2023,Run the Alamo Marathon,2023-03-05,409,San Antonio,TX,,,,True,1,0,0
413,2022,Mississippi Gulf Coast Marathon,2022-12-10,408,Stennis Space Center,MS,,,,True,1,0,0
456,2024,Town of Celebration Marathon,2024-01-28,407,Celebration,FL,,,,True,1,0,0
825,2024,Bass Pro Shops Marathon,2024-11-03,407,Springfield,MO,,,,True,1,0,0
455,2023,Town of Celebration Marathon,2023-01-29,406,Celebration,FL,,,,True,1,0,0
475,2022,LANZAROTE INTERNATIONAL MARATHON,2022-12-03,406,Lanzarote,LAS,,,,False,1,0,0
412,2023,Fox Cities Marathon,2023-09-16,403,Appleton,WI,,,,True,1,0,0
612,2023,Chelmsford Marathon,2023-10-15,403,Chelmsford,ESS,,,,False,1,0,0
774,2024,Hamptons Marathon,2024-09-28,402,Southampton,NY,,,,True,1,0,0
868,2024,Equinox Marathon,2024-09-21,402,Fairbanks,AK,,,,True,1,0,0
234,2023,Wachau Halbmarathon,2023-09-16,400,Krems An Der Donau,LOW,,,,False,1,0,0
663,2023,Jim Thorpe Area Running Festival,2023-04-29,400,Jim Thorpe,PA,,,,True,1,0,0
1044,2025,Tacoma City Marathon,2025-05-04,400,Tacoma,WA,,,,True,1,0,0
1196,2025,Ocean State Rhode Races,2025-10-26,399,Narragansett,RI,,,,True,1,0,0
955,2025,Classic City Marathon,2025-01-25,398,Athens,GA,,,,True,1,0,0
502,2024,St. Petersburg Marathon,2024-02-11,396,St. Petersburg,FL,,,,True,1,0,0
210,2023,Radisson Blue Larnaka International Marathon,2023-11-19,395,Larnaka,LAR,,,,False,1,0,0
409,2022,Two Cities Marathon,2022-11-06,395,Fresno,CA,,,,True,1,0,0
1034,2025,Avenue of the Giants Marathon,2025-05-04,395,Weott,CA,,,,True,1,0,0
437,2024,Banff Marathon and Half Marathon,2024-06-16,394,Banff,AB,,,,False,1,0,0
681,2024,The Cheap Marathon,2024-04-20,394,Salisbury,MA,,,,True,5,0,0
588,2024,Tacoma City Marathon,2024-04-27,393,Tacoma,WA,,,,True,1,0,0
1062,2025,Green Bay Marathon,2025-05-18,392,Green Bay,WI,,,,True,1,0,0
759,2024,Classic City Marathon,2024-01-28,391,Athens,GA,,,,True,1,0,0
561,2023,MARATONA  DI SAN VALENTINO,2023-02-19,390,Terni,TER,,,,False,1,0,0
1186,2025,Prairie Fire Wichita Marathon,2025-10-12,389,Wichita,KS,,,,True,1,0,0
405,2022,Nashville Marathon,2022-11-12,388,Nashville,TN,,,,True,1,0,0
424,2024,Clearwater Marathon,2024-01-27,388,Clearwater,FL,,,,True,5,0,0
988,2025,Catalina Marathon,2025-03-08,388,Avalon,CA,,,,False,1,0,0
1215,2025,D&L Heritage Marathon,2025-11-09,388,Slatington,PA,,,,True,1,0,0
436,2023,Banff Marathon and Half Marathon,2023-06-18,386,Banff,AB,,,,False,1,0,0
72,2023,Catalina Marathon,2023-03-11,385,Avalon,CA,,,,False,1,0,0
400,2022,Dingle Marathon,2022-09-03,385,Dingle,KER,,,,False,1,0,0
401,2022,Duke City Marathon,2022-10-16,385,Albuquerque,NM,,,,True,1,0,0
650,2023,Run Through Battersea Park,2023-10-22,385,London,LON,,,,False,1,0,0
662,2024,Super Marathon,2024-06-22,384,Snoqualmie Pass,WA,,,,True,1,0,0
524,2023,Avenue of the Giants Marathon,2023-05-07,383,Weott,CA,,,,True,1,0,0
1054,2025,Sugarloaf Marathon,2025-05-11,383,Kingfield,ME,,,,True,1,0,0
1085,2025,Super Marathon,2025-06-21,383,Snoqualmie Pass,WA,,,,True,1,481,300
555,2023,WhistleStop Marathon,2023-10-14,382,Ashland,WI,,,,True,1,0,0
563,2023,Big Beach Marathon,2023-01-28,382,Gulf Shores,AL,,,,True,1,0,0
370,2024,Deseret News Classic Marathon,2024-07-24,381,Salt Lake City,UT,,,,True,1,0,0
985,2025,Run the Alamo Marathon,2025-03-02,381,San Antonio,TX,,,,True,1,0,0
1039,2025,Kalamazoo Marathon,2025-05-04,380,Kalamazoo,MI,,,,True,1,0,0
1182,2025,Mankato Marathon & Half Marathon,2025-10-18,380,Mankato,MN,,,,True,1,0,0
679,2023,Equinox Marathon,2023-09-16,379,Fairbanks,AK,,,,True,1,0,0
1202,2025,Marshall University Marathon,2025-11-02,379,Huntington,WV,,,,True,1,0,0
957,2025,Town of Celebration Marathon,2025-01-26,376,Celebration,FL,,,,True,1,0,0
836,2024,Colorado Springs Marathon,2024-09-28,374,Colorado Springs,CO,,,,True,1,0,0
540,2023,Newport News One City Marathon,2023-03-04,373,Newport News,VA,,,,True,1,0,0
871,2024,Clarence Demar Marathon,2024-09-29,373,Keene,NH,,,,True,1,0,0
875,2024,Fort Worth Marathon,2024-11-10,371,Fort Worth,TX,,,,True,1,0,0
495,2024,Scotiabank Frederichton Marathon,2024-05-10,370,Fredericton,NB,,,,True,5,0,0
688,2023,Clarendon Marathon,2023-10-01,370,Salisbury To Winchester,HAM,,,,False,1,0,0
832,2024,Ann Arbor Marathon,2024-10-05,370,Ann Arbor,MI,,,,True,1,0,0
422,2024,Victoria Falls Marathon,2024-07-07,368,Victoria Falls,0,,,,False,1,0,0
627,2024,Hilton Head Marathon,2024-02-10,368,Hilton Head Island,SC,,,,True,1,0,0
732,2024,The Sri Chinmoy Marathon,2024-08-23,368,Congers,NY,,,,False,1,0,0
406,2023,Nashville Marathon,2023-10-28,367,Nashville,TN,,,,True,1,0,0
556,2023,Sioux Falls Marathon,2023-08-27,366,Sioux Falls,SD,,,,True,1,0,0
1123,2025,Holland Haven Marathon,2025-09-07,366,Holland,MI,,,,True,1,0,0
587,2023,Tacoma City Marathon,2023-04-29,365,Tacoma,WA,,,,True,1,0,0
446,2023,Split Half Marathon,2023-02-26,363,Split,SPL,,,,False,1,0,0
1144,2025,Garmin Marathon Toledo,2025-09-21,363,Toledo,OH,,,,True,1,0,0
644,2024,Holland Haven Marathon,2024-09-08,360,Holland,MI,,,,True,1,0,0
821,2024,Mankato Marathon & Half Marathon,2024-10-18,360,Mankato,MN,,,,True,1,0,0
1204,2025,Ocean City Running Festival,2025-11-01,360,Ocean City,MD,,,,True,1,0,0
846,2024,Marshall University Marathon,2024-11-03,359,Huntington,WV,,,,True,1,0,0
1066,2025,Med-City Marathon,2025-05-18,358,Rochester,MN,,,,True,1,0,0
1163,2025,The Heartland Marathon,2025-09-28,357,Omaha,NE,,,,True,1,0,0
573,2023,Maratonina Maga Circe,2023-02-05,355,Sabaudia,LAT,,,,False,1,0,0
1169,2025,Ann Arbor Marathon,2025-10-12,353,Ann Arbor,MI,,,,True,1,0,0
411,2022,Fox Cities Marathon,2022-09-17,352,Appleton,WI,,,,True,1,0,0
599,2023,Chickamauga Battlefield Marathon,2023-11-11,352,Fort Oglethorpe,GA,,,,True,1,0,0
1214,2025,Chickamauga Battlefield Marathon,2025-11-08,352,Fort Oglethorpe,GA,,,,True,1,0,0
527,2023,Salina Crossroads Marathon,2023-11-04,351,Salina,KS,,,,True,1,0,0
219,2023,Dead Sea Marathon,2023-02-03,350,Ean Kadi,CEN,,,,False,1,0,0
1116,2025,Green River Marathon,2025-08-24,348,Colrain,MA,,,,True,1,0,0
678,2022,Equinox Marathon,2022-09-17,344,Fairbanks,AK,,,,True,1,0,0
486,2024,Modesto Marathon,2024-03-24,343,Modesto,CA,,,,True,1,0,0
463,2024,Lost Dutchman Marathon,2024-02-18,341,Apache Junction,AZ,,,,True,1,0,0
725,2023,Green River Marathon,2023-08-27,340,Colrain,MA,,,,True,1,0,0
512,2023,Colorado Springs Marathon,2023-09-30,337,Colorado Springs,CO,,,,True,1,0,0
824,2024,Newport Marathon (OR),2024-06-01,337,Newport,OR,,,,True,1,0,0
653,2024,Georgina Marathon,2024-09-08,336,Jacksons Point,ON,,,,True,1,0,0
1000,2025,Bakersfield Marathon,2025-03-30,335,Bakersfield,CA,,,,True,1,0,0
1050,2025,Lake Wobegon Trail Marathon,2025-05-10,335,Saint Joseph,MN,,,,True,1,0,0
970,2025,Lost Dutchman Marathon,2025-02-15,333,Apache Junction,AZ,,,,True,1,0,0
500,2024,The Kauai Marathon,2024-09-01,332,"Poipu Beach, Kauai",HI,,,,True,1,0,0
671,2022,Vantaan Maraton,2022-10-08,332,Tikkurila,ETE,,,,False,1,0,0
829,2024,Ocean City Running Festival,2024-11-02,332,Ocean City,MD,,,,True,1,0,0
1071,2025,Newport Marathon (OR),2025-06-01,332,Newport,OR,,,,True,1,0,0
566,2023,Marshall University Marathon,2023-11-05,330,Huntington,WV,,,,True,1,0,0
734,2024,Lake Wobegon Trail Marathon,2024-05-04,329,Saint Joseph,MN,,,,True,1,0,0
967,2025,Publix Florida Marathon,2025-02-09,328,Melbourne,FL,,,,True,1,0,0
609,2023,Outer Banks Marathon Weekend,2023-11-11,326,Kill Devil Hills,NC,,,,True,1,0,0
1127,2025,Sackets Harbor Marathon,2025-09-07,326,Sackets Harbor,NY,,,,True,1,0,0
726,2024,Green River Marathon,2024-08-25,325,Colrain,MA,,,,True,1,0,0
996,2025,Modesto Marathon,2025-03-23,325,Modesto,CA,,,,True,1,0,0
499,2023,The Kauai Marathon,2023-09-03,323,"Poipu Beach, Kauai",HI,,,,True,1,0,0
668,2024,Lake Placid Marathon,2024-06-09,322,Lake Placid,NY,,,,True,5,0,0
272,2024,Blue Nose Marathon,2024-05-17,321,Halifax,NS,,,,False,1,0,0
582,2023,Marathon Brabant,2023-10-29,321,Etten-leur,NOO,,,,False,1,0,0
369,2023,Deseret News Classic Marathon,2023-07-24,320,Salt Lake City,UT,,,,True,1,0,0
707,2022,Tunnel Lite Marathon,2022-09-18,320,North Bend,WA,,,,True,1,0,0
549,2023,Maui Marathon,2023-04-23,319,Lahaina,HI,,,,True,1,0,0
685,2023,Clarence Demar Marathon,2023-09-24,318,Keene,NH,,,,True,1,0,0
1073,2025,Steamboat Marathon,2025-06-01,318,Steamboat Springs,CO,,,,True,1,0,0
1120,2025,The Kauai Marathon,2025-08-31,317,Poipu Beach,HI,,,,True,1,0,0
472,2023,Bass Pro Shops Marathon,2023-11-05,315,Springfield,MO,,,,True,1,0,0
501,2023,St. Petersburg Marathon,2023-02-12,315,St. Petersburg,FL,,,,True,1,0,0
841,2024,Prairie Fire Wichita Marathon,2024-10-13,315,Wichita,KS,,,,True,1,0,0
68,2022,Seven Bridges Marathon,2022-10-16,314,Chattanooga,TN,,,,True,1,0,0
853,2024,Louisville Marathon,2024-11-03,314,Louisville,KY,,,,True,1,0,0
1007,2025,Bend Marathon,2025-04-13,314,Bend,OR,,,,True,1,0,0
998,2025,B&A Trail Marathon,2025-03-30,312,Severna Park,MD,,,,True,1,0,0
353,2024,Marathon SSQ de Longueuil,2024-05-18,311,Longueuil,QC,,,,True,5,0,0
452,2024,Kalamazoo Marathon,2024-05-04,311,Kalamazoo,MI,,,,True,1,0,0
516,2023,Coast Guard Marathon,2023-03-03,311,Elizabeth City,NC,,,,True,1,0,0
1138,2025,Clarence Demar Marathon,2025-09-28,309,Keene,NH,,,,True,1,0,0
1229,2025,QDR Marathon,2025-12-07,309,New York City,NY,,,,True,1,0,0
504,2024,Bend Marathon,2024-03-30,308,Bend,OR,,,,True,1,0,0
1189,2025,Suffolk County Marathon,2025-10-18,308,Babylon,NY,,,,True,1,0,0
1135,2025,Bellingham Bay Marathon,2025-09-21,307,Bellingham,WA,,,,True,1,0,0
578,2024,Hudson Valley Marathon,2024-05-05,306,Hudson Valley,NY,,,,True,1,0,0
1155,2025,Muskoka Marathon,2025-10-05,306,Bracebridge,ON,,,,True,1,0,0
551,2023,Spinx Runfest Marathon,2023-10-27,304,Greenville,SC,,,,True,1,0,0
596,2023,Wisconsin Marathon,2023-05-06,304,Kenosha,WI,,,,True,1,0,0
687,2022,Clarendon Marathon,2022-10-02,304,Salisbury To Winchester,HAM,,,,False,1,0,0
451,2023,Kalamazoo Marathon,2023-04-22,302,Kalamazoo,MI,,,,True,1,0,0
557,2024,Gammon China Coast Half and Full Marathon,2024-02-04,301,Hong Kong,NEW,,,,False,1,0,0
614,2024,Med-City Marathon,2024-05-18,301,Rochester,MN,,,,True,1,0,0
661,2023,Super Marathon,2023-06-17,301,Snoqualmie Pass,WA,,,,True,1,0,0
1055,2025,Capital City Marathon,2025-05-18,301,Olympia,WA,,,,True,1,0,0
421,2023,Victoria Falls Marathon,2023-07-02,300,Victoria Falls,0,,,,False,1,0,0
485,2023,Modesto Marathon,2023-03-26,299,Modesto,CA,,,,True,1,0,0
514,2023,Suffolk County Marathon,2023-10-01,299,Babylon,NY,,,,True,5,0,0
1220,2025,Flying Monkey Marathon,2025-11-23,299,Nashville,TN,,,,False,1,0,0
468,2024,El Paso Marathon,2024-02-18,298,El Paso,TX,,,,True,5,0,0
543,2024,North Olympic Discovery Marathon,2024-06-01,298,Port Angeles,WA,,,,True,1,0,0
1105,2025,Foot Traffic Flat Marathon,2025-07-04,298,Portland,OR,,,,True,1,0,0
434,2022,Palm Beaches Marathon,2022-12-11,297,West Palm Beach,FL,,,,True,1,0,0
643,2023,Holland Haven Marathon,2023-09-10,297,Holland,MI,,,,True,1,0,0
834,2024,Suffolk County Marathon,2024-10-18,297,Babylon,NY,,,,True,5,0,0
1059,2025,New River Marathon,2025-05-17,297,Todd,NC,,,,True,1,0,0
560,2024,Capital City Marathon,2024-05-18,296,Olympia,WA,,,,True,1,0,0
799,2024,D&L Heritage Marathon,2024-11-10,296,Slatington,PA,,,,True,1,0,0
965,2025,Tallahassee Marathon,2025-02-02,296,Tallahassee,FL,,,,True,1,0,0
625,2024,Hogeye Marathon,2024-04-09,295,Fayetteville,AR,,,,True,1,0,0
969,2025,Run Oak Island,2025-02-15,295,Oak Island,NC,,,,True,1,0,0
1228,2025,Panama City Beach Marathon,2025-12-06,295,Panama City Beach,FL,,,,True,1,0,0
1076,2025,Lake Placid Marathon,2025-06-08,294,Lake Placid,NY,,,,True,5,0,0
423,2023,Clearwater Marathon,2023-01-28,293,Clearwater,FL,,,,True,5,0,0
462,2023,Lost Dutchman Marathon,2023-02-19,293,Apache Junction,AZ,,,,True,1,0,0
936,2024,Panama City Beach Marathon,2024-12-07,293,Panama City Beach,FL,,,,True,1,0,0
854,2024,Ocean State Rhode Races,2024-10-27,292,Narragansett,RI,,,,True,1,0,0
1008,2025,Hogeye Marathon,2025-04-13,292,Springdale,AR,,,,True,1,0,0
545,2024,Mt. Nebo Marathon,2024-09-07,291,Payson,UT,,,,True,1,0,0
831,2024,Spinx Runfest Marathon,2024-10-26,291,Greenville,SC,,,,True,1,0,0
605,2023,EcoRun,2023-05-19,290,Moieciu De Sus,BRA,,,,False,1,0,0
669,2023,Albany Marathon,2023-03-04,290,Albany,GA,,,,True,1,0,0
706,2024,New River Marathon,2024-05-17,289,Todd,NC,,,,True,1,0,0
480,2023,Skagen Marathon,2023-10-07,287,Skagen,NOR,,,,False,1,0,0
1124,2025,Last Chance BQ Chicagoland Marathon,2025-09-06,287,Geneva,IL,,,,True,1,0,0
1223,2025,North Central Trail Marathon,2025-11-29,287,Sparks,MD,,,,True,1,0,0
539,2023,Prairie Fire Wichita Marathon,2023-10-08,286,Wichita,KS,,,,True,1,0,0
611,2023,Louisville Marathon,2023-11-05,286,Louisville,KY,,,,True,1,0,0
646,2023,Ocean State Rhode Races,2023-10-29,286,Narragansett,RI,,,,True,1,0,0
660,2024,B&A Trail Marathon,2024-03-24,286,Severna Park,MD,,,,True,1,0,0
674,2023,Jekyll Island Marathon,2023-01-15,286,Jekyll Island,GA,,,,True,1,0,0
731,2023,The Sri Chinmoy Marathon,2023-08-24,286,Congers,NY,,,,False,1,0,0
363,2023,GMS Queen City Marathon,2023-09-08,284,Regina,SK,,,,False,1,0,0
471,2022,Bass Pro Shops Marathon,2022-11-06,284,Springfield,MO,,,,True,1,0,0
134,2022,Marquette Marathon,2022-09-03,283,Marquette,MI,,,,True,1,0,0
330,2023,Brew City Marathon,2023-04-22,283,Milwaukee,WI,,,,True,1,0,0
521,2024,Foot Traffic Flat Marathon,2024-07-04,282,Portland,OR,,,,True,1,0,0
585,2023,Maui Oceanfront Marathon,2023-01-15,282,Lahaina,HI,,,,True,5,0,0
849,2024,Chickamauga Battlefield Marathon,2024-11-09,282,Fort Oglethorpe,GA,,,,True,1,0,0
642,2022,Holland Haven Marathon,2022-09-11,281,Holland,MI,,,,True,1,0,0
1058,2025,Marathon SSQ de Longueuil,2025-05-18,281,Longueuil,QC,,,,True,5,0,0
271,2023,Blue Nose Marathon,2023-05-19,279,Halifax,NS,,,,False,1,0,0
399,2023,Cyprus Marathon,2023-03-12,279,Paphos,LEM,,,,False,1,0,0
511,2022,Colorado Springs Marathon,2022-10-01,279,Colorado Springs,CO,,,,True,1,0,0
632,2022,Maraton Internacional de Panama,2022-11-27,279,Panama,PAN,,,,False,1,0,0
697,2023,North Central Trail Marathon,2023-11-25,278,Sparks,MD,,,,True,1,0,0
847,2024,Columbia Gorge Marathon,2024-10-20,278,Hood River,OR,,,,False,1,0,0
531,2023,Jacobs Creek Barossa Marathon,2023-05-28,277,Barossa Valley,SA,,,,False,1,0,0
626,2023,Hilton Head Marathon,2023-02-11,277,Hilton Head Island,SC,,,,True,1,0,0
390,2024,Westport Marathon,2024-04-13,276,Westport,CON,,,,False,1,0,0
778,2024,Beantown Marathon,2024-09-08,275,Hingham,MA,,,,True,1,0,0
945,2024,North Central Trail Marathon,2024-11-30,274,Sparks,MD,,,,True,1,0,0
765,2024,Flying Monkey Marathon,2024-11-24,273,Nashville,TN,,,,False,1,0,0
833,2024,Bellingham Bay Marathon,2024-09-22,273,Bellingham,WA,,,,True,5,0,0
542,2023,North Olympic Discovery Marathon,2023-06-04,272,Port Angeles,WA,,,,True,1,0,0
604,2023,Spark Marathon Spijkenisse,2023-11-26,272,Spijkenisse,ZUI,,,,False,1,0,0
866,2024,The Heartland Marathon,2024-09-22,272,Omaha,NE,,,,True,1,0,0
874,2024,QDR Marathon,2024-11-17,271,New York City,NY,,,,True,1,0,0
1077,2025,North Olympic Discovery Marathon,2025-06-08,271,Port Angeles,WA,,,,True,1,0,0
598,2022,Chickamauga Battlefield Marathon,2022-11-12,270,Fort Oglethorpe,GA,,,,True,1,0,0
628,2022,Panama City Beach Marathon,2022-12-03,270,Panama City Beach,FL,,,,True,1,0,0
649,2024,Salisbury Marathon,2024-04-06,270,Salisbury,MD,,,,True,1,0,0
223,2023,Verona Marathon,2023-11-19,268,Verona,VER,,,,False,1,0,0
1047,2025,Wisconsin Marathon,2025-05-03,268,Kenosha,WI,,,,True,1,0,0
666,2024,Mad Marathon,2024-07-07,267,Waitsfield,VT,,,,True,1,0,0
1038,2025,Hudson Valley Marathon,2025-05-04,266,Hudson Valley,NY,,,,True,1,0,0
667,2023,Lake Placid Marathon,2023-06-11,265,Lake Placid,NY,,,,True,5,0,0
498,2022,The Kauai Marathon,2022-09-04,264,"Poipu Beach, Kauai",HI,,,,True,1,0,0
629,2023,Panama City Beach Marathon,2023-12-02,264,Panama City Beach,FL,,,,True,1,0,0
1129,2025,Beantown Marathon,2025-09-07,263,Hingham,MA,,,,True,1,0,0
537,2024,Chattanooga Marathon,2024-03-02,262,Chattanoga,TN,,,,True,1,0,0
593,2024,Steamboat Marathon,2024-06-02,262,Steamboat Springs,CO,,,,True,1,0,0
879,2024,Jackson Hole Marathon,2024-09-28,262,Jackson Hole,WY,,,,True,1,0,0
952,2025,Jekyll Island Marathon,2025-01-19,262,Jekyll Island,GA,,,,True,1,0,0
460,2023,Coeur d' Alene Marathon,2023-05-27,260,Coeur D'alene,ID,,,,True,1,0,0
696,2022,North Central Trail Marathon,2022-11-26,260,Sparks,MD,,,,True,1,0,0
860,2024,Huntsville Marathon,2024-09-21,260,Huntsville,UT,,,,True,1,1140,600
374,2023,Football Hall of Fame Marathon,2023-05-06,259,Canton,OH,,,,True,1,0,0
520,2023,Foot Traffic Flat Marathon,2023-07-04,259,Portland,OR,,,,True,1,0,0
665,2023,Mad Marathon,2023-07-09,259,Waitsfield,VT,,,,True,1,0,0
855,2024,Muskoka Marathon,2024-10-05,259,Bracebridge,ON,,,,True,1,0,0
670,2024,Albany Marathon,2024-03-02,258,Albany,GA,,,,True,1,0,0
701,2023,Breakneck Point Marathon,2023-05-06,258,Beacon,NY,,,,False,1,0,0
571,2023,Hamptons Marathon,2023-09-23,257,East Hampton,NY,,,,True,1,0,0
591,2023,Funchal Marathon,2023-01-23,257,Funchal,MAD,,,,False,1,0,0
728,2024,Black Mountain Marathon,2024-02-24,257,Black Mountain,NC,,,,False,1,0,0
729,2022,Flying Monkey Marathon,2022-11-20,257,Nashville,TN,,,,False,1,0,0
738,2023,Last Chance BQ Chicagoland Marathon,2023-09-09,256,Geneva,IL,,,,True,1,0,0
858,2024,Leavenworth Marathon,2024-10-05,256,Leavenworth,WA,,,,True,1,0,0
377,2023,Marathon de Granby,2023-10-01,255,Granby,QC,,,,True,5,0,0
695,2022,Jersey Marathon,2022-10-02,255,Jersey,0,,,,False,1,0,0
760,2024,Jack & Jill Marathon Poconos,2024-06-01,255,White Haven,PA,,,,True,1,0,0
1002,2025,Salisbury Marathon,2025-04-05,255,Salisbury,MD,,,,True,1,0,0
597,2024,Wisconsin Marathon,2024-05-04,254,Kenosha,WI,,,,True,1,0,0
737,2022,Last Chance BQ Chicagoland Marathon,2022-09-10,254,Geneva,IL,,,,True,1,0,0
648,2023,Salisbury Marathon,2023-04-01,253,Salisbury,MD,,,,True,1,0,0
1157,2025,Pocatello Marathon,2025-08-30,253,Pocatello,ID,,,,True,1,471,300
429,2023,Astana Marathon,2023-09-03,252,Astana,AST,,,,False,1,0,0
513,2022,Suffolk County Marathon,2022-10-01,252,Babylon,NY,,,,True,5,0,0
444,2023,Maine Coast Marathon,2023-05-06,251,Wells,ME,,,,True,1,0,0
503,2023,Bend Marathon,2023-04-16,251,Bend,OR,,,,True,1,0,0
510,2023,Japan Osaka Marathon,2023-01-29,251,Osaka,0,,,,False,1,0,0
950,2025,Maui Oceanfront Marathon,2025-01-19,251,Wallea,HI,,,,True,5,0,0
506,2023,Ann Arbor Marathon,2023-09-30,250,Ann Arbor,MI,,,,True,1,0,0
659,2023,B&A Trail Marathon,2023-03-26,250,Severna Park,MD,,,,True,1,0,0
675,2024,Jekyll Island Marathon,2024-01-14,250,Jekyll Island,GA,,,,True,1,0,0
751,2024,Sackets Harbor Marathon,2024-09-01,250,Sackets Harbor,NY,,,,True,1,0,0
493,2023,Bellingham Bay Marathon,2023-09-24,249,Bellingham,WA,,,,True,5,0,0
652,2023,Georgina Marathon,2023-09-10,249,Jacksons Point,ON,,,,True,1,0,0
559,2023,Capital City Marathon,2023-05-20,248,Olympia,WA,,,,True,1,0,0
1147,2025,Jackson Hole Marathon,2025-09-27,248,Jackson Hole,WY,,,,True,1,0,0
505,2022,Ann Arbor Marathon,2022-10-01,246,Ann Arbor,MI,,,,True,1,0,0
1109,2025,Mad Marathon,2025-07-13,246,Waitsfield,VT,,,,True,1,0,0
730,2023,Flying Monkey Marathon,2023-11-19,245,Nashville,TN,,,,False,1,0,0
331,2024,Brew City Marathon,2024-04-20,243,Milwaukee,WI,,,,True,1,0,0
758,2023,Ocean City Running Festival,2023-10-28,243,Ocean City,MD,,,,True,1,0,0
982,2025,Chattanooga Marathon,2025-03-01,243,Chattanooga,TN,,,,True,1,0,0
425,2022,Mankato Marathon & Half Marathon,2022-10-14,242,Mankato,MN,,,,True,1,0,0
739,2024,Last Chance BQ Chicagoland Marathon,2024-09-07,240,Geneva,IL,,,,True,1,0,0
494,2023,Scotiabank Frederichton Marathon,2023-05-12,239,Fredericton,NB,,,,True,5,0,0
592,2023,Steamboat Marathon,2023-06-04,239,Steamboat Springs,CO,,,,True,1,0,0
722,2024,Maritime Marathon,2024-06-02,239,Manitowoc,WI,,,,True,1,0,0
979,2025,Albany Marathon,2025-03-02,239,Albany,GA,,,,True,1,0,0
467,2023,El Paso Marathon,2023-02-11,238,El Paso,TX,,,,True,5,0,0
741,2023,Beantown Marathon,2023-09-10,238,Hingham,MA,,,,True,1,0,0
947,2025,Buckeye Marathon,2025-01-11,237,Buckeye,AZ,,,,True,1,0,0
1074,2025,Deadwood Mickelson Trail Marathon,2025-06-01,237,Deadwood,SD,,,,True,1,0,0
1016,2025,Brew City Marathon,2025-04-19,236,Milwaukee,WI,,,,True,1,0,0
602,2023,Columbia Gorge Marathon,2023-10-22,235,Hood River,OR,,,,False,1,0,0
633,2023,Maraton Internacional de Panama,2023-11-26,234,Panama,PAN,,,,False,1,0,0
713,2023,Jackson Hole Marathon,2023-09-23,233,Jackson Hole,WY,,,,True,1,0,0
515,2022,Schwarzwald Marathon,2022-10-08,232,Bräunlingen,BAD,,,,False,1,0,0
530,2023,Cadbury Marathon Festival,2023-01-08,232,Hobart,TAS,,,,False,1,0,0
1112,2025,Anchorage RunFest,2025-08-17,232,Anchorage,AK,,,,True,1,0,0
615,2023,Stavanger Marathon,2023-08-26,231,Stavanger,ROG,,,,False,1,0,0
754,2023,DFM,2023-12-03,231,Davao City,DAV,,,,False,1,0,0
1075,2025,Maritime Marathon,2025-06-01,231,Manitowoc,WI,,,,True,1,0,0
613,2023,Med-City Marathon,2023-05-12,230,Rochester,MN,,,,True,1,0,0
1156,2025,New Hampshire Marathon,2025-10-04,230,Bristol,NH,,,,True,1,0,0
684,2022,Clarence Demar Marathon,2022-09-25,229,Keene,NH,,,,True,1,0,0
723,2022,Cascade Express Marathon,2022-09-11,229,snoqualmie pass,WA,,,,True,1,0,0
482,2024,Run Oak Island,2024-02-17,228,Oak Island,NC,,,,True,1,0,0
581,2022,Marathon Brabant,2022-10-30,228,Etten-leur,NOO,,,,False,1,0,0
584,2024,Anchorage RunFest,2024-08-17,228,Anchorage,AK,,,,True,1,0,0
1146,2025,Huntsville Marathon,2025-09-20,228,Huntsville,UT,,,,True,1,0,0
645,2022,Ocean State Rhode Races,2022-10-23,227,Narragansett,RI,,,,True,1,0,0
538,2022,Prairie Fire Wichita Marathon,2022-10-09,226,Wichita,KS,,,,True,1,0,0
776,2024,Des Plaines River Trail Race,2024-10-12,225,Vernon Hills,IL,,,,True,1,0,0
235,2023,Course des Pompiers de Laval,2023-06-04,223,Laval,QC,,,,True,1,0,0
554,2022,WhistleStop Marathon,2022-10-15,222,Ashland,WI,,,,True,1,0,0
603,2022,Spark Marathon Spijkenisse,2022-11-27,222,Spijkenisse,ZUI,,,,False,1,0,0
743,2023,Blue Sky Marathon,2023-10-21,222,fort collins,CO,,,,False,1,0,0
839,2024,Prince Edward Island Marathon,2024-10-19,222,Charlottetown,PE,,,,True,5,0,0
65,2024,Publix Florida Marathon,2024-02-11,221,Melbourne,FL,,,,True,1,0,0
481,2023,Run Oak Island,2023-02-18,221,Oak Island,NC,,,,True,1,0,0
583,2023,Anchorage RunFest,2023-08-19,221,Anchorage,AK,,,,True,1,0,0
507,2022,Putrajaya Night Marathon,2022-10-01,220,Kuala Lumpur,KER,,,,False,1,0,0
639,2024,Tallahassee Marathon,2024-02-11,220,Tallahassee,FL,,,,True,1,0,0
362,2022,GMS Queen City Marathon,2022-09-09,219,Regina,SK,,,,False,1,0,0
1187,2025,Prince Edward Island Marathon,2025-10-19,219,Charlottetown,PE,,,,True,5,0,0
635,2024,Whidbey Island Marathon,2024-04-21,218,Oak Harbor,WA,,,,True,1,0,0
519,2024,Deadwood Mickelson Trail Marathon,2024-06-01,216,Deadwood,SD,,,,True,1,0,0
565,2022,Marshall University Marathon,2022-11-06,216,Huntington,WV,,,,True,1,0,0
640,2023,Yukon Boundary Bay Race,2023-11-05,216,Delta,BC,,,,True,5,0,0
703,2023,York Marathon,2023-05-07,216,York,PA,,,,True,1,0,0
710,2022,Des Plaines River Trail Race,2022-10-15,216,Des Plaines,IL,,,,True,1,0,0
750,2023,Sackets Harbor Marathon,2023-09-03,216,Sackets Harbor,NY,,,,True,1,0,0
1012,2025,Athens Marathon (Ohio),2025-04-13,216,Athens,OH,,,,True,1,0,0
607,2024,Boise River Marathon,2024-05-04,215,Boise,ID,,,,True,1,0,0
608,2022,Outer Banks Marathon Weekend,2022-11-12,215,Kill Devil Hills,NC,,,,True,1,0,0
714,2022,Loco Marathon,2022-10-23,215,Newmarket,NH,,,,True,1,0,0
715,2023,Loco Marathon,2023-10-22,214,Newmarket,NH,,,,True,1,0,0
64,2023,Publix Florida Marathon,2023-02-12,213,Melbourne,FL,,,,True,1,0,0
536,2023,Chattanooga Marathon,2023-03-03,213,Chattanoga,TN,,,,True,1,0,0
459,2023,Angkor Empire Marathon,2023-08-06,212,Siem Reap,KRO,,,,False,1,0,0
544,2023,Mt. Nebo Marathon,2023-08-26,210,Payson,UT,,,,True,1,0,0
624,2023,Hogeye Marathon,2023-04-15,210,Fayetteville,AR,,,,True,1,0,0
843,2024,WhistleStop Marathon,2024-10-12,210,Ashland,WI,,,,True,1,0,0
991,2025,Des Moines St. Paddy's Marathon,2025-03-15,210,Des Moines,IA,,,,True,1,0,0
1148,2025,Leavenworth Marathon,2025-10-04,210,Leavenworth,WA,,,,True,1,0,0
691,2022,Fort Worth Marathon,2022-11-13,209,Fort Worth,TX,,,,True,1,0,0
733,2023,Lake Wobegon Trail Marathon,2023-05-06,209,Saint Joseph,MN,,,,True,1,0,0
1021,2025,Gettysburg North-South Marathon,2025-04-27,209,Gettysburg,PA,,,,True,1,0,0
1166,2025,Wicked Fast Marathon,2025-09-12,209,Poconos,PA,,,,True,1,0,0
589,2022,Ecomaratona del Chianti,2022-10-14,208,Castelnuovo Berardenga,SIE,,,,False,1,0,0
683,2024,Athens Marathon (Ohio),2024-04-14,208,Athens,OH,,,,True,1,0,0
850,2024,Loop the Lake Marathon,2024-10-19,208,Syracuse,NY,,,,True,1,0,0
285,2023,The Heartland Marathon,2023-09-24,207,Omaha,NE,,,,True,1,0,0
673,2024,Buckeye Marathon,2024-01-06,207,Buckeye,AZ,,,,True,1,0,0
518,2023,Deadwood Mickelson Trail Marathon,2023-06-03,206,Deadwood,SD,,,,True,1,0,0
753,2023,South Texas International Marathon,2023-12-03,206,Harlingen,TX,,,,False,1,0,0
775,2023,D&L Heritage Marathon,2023-11-12,206,Easton,PA,,,,True,1,0,0
859,2024,Yukon Boundary Bay Race,2024-11-03,206,Delta,BC,,,,True,5,0,0
575,2024,Bakersfield Marathon,2024-04-07,205,Bakersfield,CA,,,,True,1,0,0
622,2023,Windermere Marathon,2023-05-21,205,Spokane Valley,WA,,,,True,1,0,0
711,2023,Des Plaines River Trail Race,2023-10-14,205,Des Plaines,IL,,,,True,1,0,0
716,2022,In Flanders Fields Marathon,2022-09-18,205,Ieper,0,,,,False,1,0,0
590,2023,Ecomaratona del Chianti,2023-10-15,204,Castelnuovo Berardenga,SIE,,,,False,1,0,0
1181,2025,Loop the Lake Marathon,2025-10-19,204,Syracuse,NY,,,,True,5,0,0
492,2022,Bellingham Bay Marathon,2022-09-24,203,Bellingham,WA,,,,True,5,0,0
617,2024,Gettysburg North-South Marathon,2024-04-28,203,Gettysburg,PA,,,,True,1,0,0
740,2022,Beantown Marathon,2022-09-11,203,Hingham,MA,,,,True,1,0,0
553,2024,Des Moines St. Paddy's Marathon,2024-03-16,202,Des Moines,IA,,,,True,1,0,0
877,2024,New Hampshire Marathon,2024-10-05,202,Bristol,NH,,,,True,1,0,0
724,2023,Cascade Express Marathon,2023-09-16,201,snoqualmie pass,WA,,,,True,1,0,0
742,2022,Blue Sky Marathon,2022-10-15,201,fort collins,CO,,,,False,1,0,0
718,2024,Skidaway Island Marathon,2024-02-24,200,Savannah,GA,,,,True,1,0,0
1191,2025,WhistleStop Marathon,2025-10-11,200,Ashland,WI,,,,True,1,0,0
428,2022,Astana Marathon,2022-10-09,199,Astana,AST,,,,False,1,0,0
550,2022,Spinx Runfest Marathon,2022-10-28,199,Greenville,SC,,,,True,1,0,0
651,2022,Georgina Marathon,2022-09-11,199,Jacksons Point,ON,,,,True,1,0,0
704,2024,York Marathon,2024-05-05,199,York,PA,,,,True,1,0,0
610,2022,Louisville Marathon,2022-11-06,197,Louisville,KY,,,,True,1,0,0
702,2024,Breakneck Point Marathon,2024-05-05,197,Beacon,NY,,,,False,1,0,0
744,2023,Spring Chance BQ2 Marathon,2023-04-15,196,Geneva,IL,,,,True,1,0,0
1048,2025,York Marathon,2025-05-04,195,York,PA,,,,True,1,0,0
634,2023,Whidbey Island Marathon,2023-04-23,193,Oak Harbor,WA,,,,True,1,0,0
1206,2025,Yukon Boundary Bay Race,2025-11-02,192,Delta,BC,,,,True,5,0,0
840,2024,Santa Clarita Marathon,2024-11-10,191,Santa Clarita,CA,,,,False,1,0,0
771,2023,New Hampshire Marathon,2023-09-30,188,Bristol,NH,,,,True,1,0,0
764,2024,Blue Sky Marathon,2024-10-19,186,Fort Collins,CO,,,,False,1,0,0
848,2024,The Bismarck Marathon,2024-09-21,186,Bismarck,ND,,,,False,1,0,0
721,2023,Maritime Marathon,2023-06-11,185,Manitowoc,WI,,,,True,1,0,0
931,2023,Leavenworth Marathon,2023-09-30,185,Leavenworth,WA,,,,True,1,0,0
712,2022,Jackson Hole Marathon,2022-09-24,184,Jackson Hole,WY,,,,True,1,0,0
748,2024,Last Chance BQ Grand Rapids,2024-09-08,181,Grand Rapids,MI,,,,True,1,0,0
826,2024,Mill Race Marathon,2024-09-28,180,Columbus,IN,,,,False,1,0,0
857,2024,BHM Marathon,2024-10-06,180,Birmingham,AL,,,,False,1,0,0
284,2022,The Heartland Marathon,2022-09-25,179,Omaha,NE,,,,True,1,0,0
570,2022,Hamptons Marathon,2022-09-17,179,East Hampton,NY,,,,True,1,0,0
692,2023,Fort Worth Marathon,2023-11-12,179,Fort Worth,TX,,,,True,1,0,0
934,2024,Three Bridges Marathon,2024-12-07,179,Little Rock,AR,,,,False,5,0,0
773,2023,Loop the Lake Marathon,2023-10-14,178,Syracuse,NY,,,,True,1,0,0
862,2024,Blue Ox Marathon,2024-10-11,178,Bemidji,MN,,,,False,1,0,0
876,2024,RDC Marathon,2024-10-27,178,Durham,NC,,,,False,1,0,0
852,2024,The Haunted Forest Marathon,2024-10-27,176,Canal Fulton,OH,,,,False,1,0,0
1030,2025,Whidbey Island Marathon,2025-04-27,176,Oak Harbor,WA,,,,True,1,0,0
638,2023,Tallahassee Marathon,2023-02-05,173,Tallahassee,FL,,,,True,1,0,0
1061,2025,Windermere Marathon,2025-05-18,172,Spokane Valley,WA,,,,True,1,0,0
682,2023,Athens Marathon (Ohio),2023-04-16,171,Athens,OH,,,,True,1,0,0
727,2023,Black Mountain Marathon,2023-02-25,171,Black Mountain,NC,,,,False,1,0,0
586,2024,Maui Oceanfront Marathon,2024-01-14,170,Lahaina,HI,,,,True,5,0,0
842,2024,Snohomish River Run Marathon,2024-10-13,170,Everett,WA,,,,False,1,0,0
919,2023,Bakersfield Marathon,2023-03-26,169,Bakersfield,CA,,,,True,1,0,0
745,2024,Spring Chance BQ2 Marathon,2024-04-14,168,Geneva,IL,,,,True,1,0,0
986,2025,Redding Marathon,2025-01-19,168,Redding,CA,,,,True,1,0,0
864,2024,Yonkers Marathon,2024-09-15,166,Yonkers,NY,,,,False,1,0,0
893,2024,Belleville Main Street Marathon,2024-09-30,166,Belleville,IL,,,,False,1,0,0
705,2023,New River Marathon,2023-05-13,164,Todd,NC,,,,True,1,0,0
1130,2025,Jack & Jill Marathon Poconos,2025-09-12,163,White Havne,PA,,,,True,1,0,0
770,2023,Prince Edward Island Marathon,2023-10-14,160,Charlottetown,PE,,,,True,5,0,0
881,2024,Adirondack Marathon,2024-09-22,159,Schroon Lake,NY,,,,False,1,0,0
772,2023,Muskoka Marathon,2023-09-30,158,Bracebridge,ON,,,,True,1,0,0
863,2024,Freedom's Run,2024-10-12,156,Shepherdstown,WV,,,,False,1,0,0
616,2023,Gettysburg North-South Marathon,2023-04-30,155,Gettysburg,PA,,,,True,1,0,0
376,2022,Marathon de Granby,2022-10-02,154,Granby,QC,,,,True,5,0,0
601,2022,Columbia Gorge Marathon,2022-10-16,154,Hood River,OR,,,,False,1,0,0
910,2024,Annapolis Striders Marathon,2024-10-06,149,Columbia,MD,,,,False,1,0,0
844,2024,The Equinox Marathon,2024-09-22,146,Fort Collins,CO,,,,False,1,0,0
887,2024,Rogue Marathon,2024-10-12,146,Talent,OR,,,,False,1,0,0
987,2024,Redding Marathon,2024-01-14,145,Redding,CA,,,,True,1,0,0
1035,2025,Boise River Marathon,2025-05-03,144,Boise,ID,,,,True,1,0,0
623,2024,Windermere Marathon,2024-05-19,142,Spokane Valley,WA,,,,True,1,0,0
717,2023,Skidaway Island Marathon,2023-02-25,139,Savannah,GA,,,,True,1,0,0
867,2024,Towpath Marathon,2024-10-05,138,Cleveland,OH,,,,False,1,0,0
1006,2025,Spring Chance BQ2 Marathon,2025-04-12,138,Geneva,IL,,,,True,1,0,0
438,2022,Milwaukee Lakefront Marathon,2022-10-02,137,milwaukee ,WI,,,,True,1,0,0
793,2024,Cannonball Run Marathon,2024-10-12,137,Greensboro,NC,,,,False,1,0,0
869,2024,Humboldt Redwoods Marathon,2024-10-13,134,Weott,CA,,,,False,1,0,0
333,2024,Boston or Bust,2024-09-08,133,Huntsville,AL,,,,False,1,0,0
552,2023,Des Moines St. Paddy's Marathon,2023-03-18,132,Des Moines,IA,,,,True,1,0,0
891,2024,GMAA Green Mountain Marathon,2024-10-20,128,South Hero,VT,,,,False,1,0,0
526,2022,Salina Crossroads Marathon,2022-11-05,127,Salina,KS,,,,True,1,0,0
870,2024,Run Crazy Horse,2024-10-06,127,Hill City,SD,,,,False,1,0,0
1125,2025,Last Chance BQ Grand Rapids,2025-09-07,126,Grand Rapids,MI,,,,True,1,0,0
769,2023,QDR Marathon,2023-11-19,125,Flushing Meadows,NY,,,,True,1,0,0
938,2024,South Texas International Marathon,2024-12-05,123,Harlingen,TX,,,,False,1,0,0
1053,2025,Scotiabank Frederichton Marathon,2025-05-11,123,Fredericton,NB,,,,True,5,0,0
940,2024,Warrior Holiday Dash,2024-12-01,122,Washington,DC,,,,False,1,0,0
878,2024,Antelope Island Marathon,2024-10-11,120,Syracuse,UT,,,,False,1,0,0
889,2024,The County Marathon,2024-09-29,120,Picton,ON,,,,False,5,0,0
873,2024,Mayor's Marathon (TX),2024-10-27,117,Lubbock,TX,,,,False,1,0,0
880,2024,BougeBouge – Verdun,2024-09-15,117,"Montréal ,verdun",QC,,,,False,1,0,0
672,2023,Buckeye Marathon,2023-01-07,113,Buckeye,AZ,,,,True,1,0,0
606,2023,Boise River Marathon,2023-04-22,111,Boise,ID,,,,True,1,0,0
747,2023,Last Chance BQ Grand Rapids,2023-09-10,111,Grand Rapids,MI,,,,True,1,0,0
903,2024,Historic Drawbridge Marathon,2024-11-16,106,St Michaels,MD,,,,False,1,0,0
959,2025,Mobile Marathon,2025-01-12,104,Mobile,AL,,,,True,1,0,0
872,2024,Back Your Badge Marathon,2024-09-21,102,Plainfield,IN,,,,False,1,0,0
932,2023,Hoover Dam Marathon,2024-12-09,102,Boulder City,NV,,,,False,5,0,0
332,2023,Boston or Bust,2023-09-10,100,Huntsville,AL,,,,False,1,0,0
894,2024,Flagstaff Marathon,2024-10-05,95,Flagstaff,AZ,,,,False,1,0,0
917,2024,Veteran's Marathon (PA),2024-11-03,94,Indiana,PA,,,,False,1,0,0
884,2024,Veteran's Marathon (IN),2024-11-02,93,Columbia City,IN,,,,False,1,0,0
890,2024,Ely Marathon,2024-09-21,92,Ely,MN,,,,False,1,0,0
901,2024,Midtown Rotary Springfield Marathon,2024-11-09,88,Springfield,IL,,,,False,1,0,0
886,2024,St. Joseph Marathon,2024-09-28,84,Saint Joseph,MO,,,,False,1,0,0
888,2024,Monument Marathon,2024-09-28,79,Scottsbluff,NE,,,,False,1,0,0
909,2024,Bears Ears Marathon,2024-11-02,76,Blanding,UT,,,,False,1,0,0
935,2024,Hoover Dam Marathon,2024-12-07,76,Boulder City,NV,,,,False,5,0,0
898,2024,Best of the West Marathon,2024-09-21,74,Ravenna,OH,,,,False,1,0,0
892,2024,Honoring our Heroes Marathon,2024-11-16,70,Rolla,MO,,,,False,1,0,0
895,2024,Little Apple Marathon,2024-10-05,70,Manhattan,KS,,,,False,1,0,0
885,2024,Hayden Lake Marathon,2024-10-12,62,Hayden,ID,,,,False,1,0,0
902,2024,Boring Marathon,2024-09-15,61,Boring,OR,,,,False,1,0,0
960,2024,Mobile Marathon,2024-01-14,60,Mobile,AL,,,,True,1,0,0
735,2022,Ghost of Seattle Marathon,2022-11-26,57,Seattle,WA,,,,False,1,0,0
900,2024,Pacific Northwest Marathon,2024-09-21,56,Harrisburg,OR,,,,False,1,0,0
856,2024,Yeti Endurance Weekend,2024-11-02,54,Kansas City,MO,,,,False,1,0,0
882,2024,Windsor Marathon,2024-10-06,53,Windsor,CO,,,,False,1,0,0
746,2022,Last Chance BQ Grand Rapids,2022-09-10,52,Grand Rapids,MI,,,,True,1,0,0
883,2024,Cary Greenways Tour,2024-09-28,52,Cary,NC,,,,False,1,0,0
906,2024,NEK Marathon,2024-09-22,50,Island Pond,VT,,,,False,1,0,0
736,2023,Ghost of Seattle Marathon,2023-11-25,48,Seattle,WA,,,,False,1,0,0
899,2024,Priest Lake Marathon,2024-09-14,43,Priest Lake,ID,,,,False,1,0,0
907,2024,Tri-Cities Marathon,2024-10-27,42,Richland,WA,,,,False,1,0,0
897,2024,Patriot's Run,2024-09-14,34,Olathe,KS,,,,False,1,0,0
912,2024,Mathews Marathon,2024-10-19,34,Mathews,VA,,,,False,1,0,0
915,2024,The Great Lincoln Marathon,2024-09-15,34,Lincoln,ME,,,,False,1,0,0
944,2024,Ghost of Seattle Marathon,2024-11-30,34,Seattle,WA,,,,False,1,0,0
896,2024,Dolittle Marathon,2024-09-14,31,Waukesha,WI,,,,False,1,0,0
828,2024,Kenai River Marathon,2024-09-29,24,Kenai,AK,,,,False,1,0,0
913,2024,Mid-South Races for Hope,2024-11-02,24,Wynne,AR,,,,False,1,0,0
404,2023,Last Chance Marathon,2023-12-31,21,Bellingham,WA,,,,False,1,0,0
905,2024,The Screaming Pumpkin,2024-10-26,21,Peoria,IL,,,,False,1,0,0
908,2024,Trash Panda Trail Run,2024-09-14,19,Chattanooga,TN,,,,False,1,0,0
904,2024,Trapline Marathon,2024-10-12,17,Happy Valley Goosebay,NL,,,,False,5,0,0
911,2024,Arkansas Marathon,2024-10-12,14,Booneville,AR,,,,False,1,0,0
914,2024,Fall Freakin Fun Marathon,2024-10-26,13,Kirkland,WA,,,,False,1,0,0
916,2024,Rustyfish100,2024-10-05,11,Manistee,MI,,,,False,5,0,0
496,2023,Timbercity Red Hill Marathon And Classic,2023-01-28,7,Cape Town,CAP,,,,False,1,0,0
943,2024,Long Beach Turkey Trot,2024-11-30,1,Long Beach,CA,,,,False,1,0,0
